source_path,roles,detection_evidence,status,status_evidence,run_id,initial_state_recipe_id,non_full_field_data_id,portable_handling,notes
04_frustrated_fm_foundation/20260105_frustrated_fm/anisotropy_study/ku_critical_sweep/R8r4_Ku0.mx3,direct_loader,mx3.m_loadfile@L44,active,04_frustrated_fm_foundation/20260105_frustrated_fm/anisotropy_study/ku_critical_sweep/results/survival_table.txt:L3,run-ku-critical-r8r4-ku0,init-analytic-axisz-r8r4,N/A,literal_transform,Active Ku-critical sweep leaf.
04_frustrated_fm_foundation/20260105_frustrated_fm/anisotropy_study/ku_critical_sweep/R8r4_Ku10k.mx3,direct_loader,mx3.m_loadfile@L44,active,04_frustrated_fm_foundation/20260105_frustrated_fm/anisotropy_study/ku_critical_sweep/results/survival_table.txt:L5,run-ku-critical-r8r4-ku10k,init-analytic-axisz-r8r4,N/A,literal_transform,Active Ku-critical sweep leaf.
04_frustrated_fm_foundation/20260105_frustrated_fm/anisotropy_study/ku_critical_sweep/R8r4_Ku20k.mx3,direct_loader,mx3.m_loadfile@L44,active,04_frustrated_fm_foundation/20260105_frustrated_fm/anisotropy_study/ku_critical_sweep/results/survival_table.txt:L6,run-ku-critical-r8r4-ku20k,init-analytic-axisz-r8r4,N/A,literal_transform,Active Ku-critical sweep leaf.
04_frustrated_fm_foundation/20260105_frustrated_fm/anisotropy_study/ku_critical_sweep/R8r4_Ku30k.mx3,direct_loader,mx3.m_loadfile@L44,active,04_frustrated_fm_foundation/20260105_frustrated_fm/anisotropy_study/ku_critical_sweep/results/survival_table.txt:L7,run-ku-critical-r8r4-ku30k,init-analytic-axisz-r8r4,N/A,literal_transform,Active Ku-critical sweep leaf.
04_frustrated_fm_foundation/20260105_frustrated_fm/anisotropy_study/ku_critical_sweep/R8r4_Ku40k.mx3,direct_loader,mx3.m_loadfile@L44,active,04_frustrated_fm_foundation/20260105_frustrated_fm/anisotropy_study/ku_critical_sweep/results/survival_table.txt:L8,run-ku-critical-r8r4-ku40k,init-analytic-axisz-r8r4,N/A,literal_transform,Active Ku-critical sweep leaf.
04_frustrated_fm_foundation/20260105_frustrated_fm/anisotropy_study/ku_critical_sweep/R8r4_Ku50k.mx3,direct_loader,mx3.m_loadfile@L44,active,04_frustrated_fm_foundation/20260105_frustrated_fm/anisotropy_study/ku_critical_sweep/results/survival_table.txt:L9,run-ku-critical-r8r4-ku50k,init-analytic-axisz-r8r4,N/A,literal_transform,Active Ku-critical sweep leaf.
04_frustrated_fm_foundation/20260105_frustrated_fm/anisotropy_study/ku_critical_sweep/R8r4_Ku52k.mx3,direct_loader,mx3.m_loadfile@L46,active,04_frustrated_fm_foundation/20260105_frustrated_fm/anisotropy_study/ku_critical_sweep/results/survival_table.txt:L10,run-ku-critical-r8r4-ku52k,init-analytic-axisz-r8r4,N/A,literal_transform,Active Ku-critical sweep leaf.
04_frustrated_fm_foundation/20260105_frustrated_fm/anisotropy_study/ku_critical_sweep/R8r4_Ku55k.mx3,direct_loader,mx3.m_loadfile@L46,active,04_frustrated_fm_foundation/20260105_frustrated_fm/anisotropy_study/ku_critical_sweep/results/survival_table.txt:L11,run-ku-critical-r8r4-ku55k,init-analytic-axisz-r8r4,N/A,literal_transform,"Active Ku-critical sweep leaf. The cited table records fit_failed; active is a delivery obligation, not a PASS claim."
04_frustrated_fm_foundation/20260105_frustrated_fm/anisotropy_study/ku_critical_sweep/R8r4_Ku56k.mx3,direct_loader,mx3.m_loadfile@L46,active,04_frustrated_fm_foundation/20260105_frustrated_fm/anisotropy_study/ku_critical_sweep/results/survival_table.txt:L12,run-ku-critical-r8r4-ku56k,init-analytic-axisz-r8r4,N/A,literal_transform,"Active Ku-critical sweep leaf. The cited table records fit_failed; active is a delivery obligation, not a PASS claim."
04_frustrated_fm_foundation/20260105_frustrated_fm/anisotropy_study/ku_critical_sweep/R8r4_Ku57k.mx3,direct_loader,mx3.m_loadfile@L46,active,04_frustrated_fm_foundation/20260105_frustrated_fm/anisotropy_study/ku_critical_sweep/results/survival_table.txt:L13,run-ku-critical-r8r4-ku57k,init-analytic-axisz-r8r4,N/A,literal_transform,"Active Ku-critical sweep leaf. The cited table records fit_failed; active is a delivery obligation, not a PASS claim."
04_frustrated_fm_foundation/20260105_frustrated_fm/anisotropy_study/ku_critical_sweep/R8r4_Ku58k.mx3,direct_loader,mx3.m_loadfile@L46,active,04_frustrated_fm_foundation/20260105_frustrated_fm/anisotropy_study/ku_critical_sweep/results/survival_table.txt:L14,run-ku-critical-r8r4-ku58k,init-analytic-axisz-r8r4,N/A,literal_transform,"Active Ku-critical sweep leaf. The cited table records fit_failed; active is a delivery obligation, not a PASS claim."
04_frustrated_fm_foundation/20260105_frustrated_fm/anisotropy_study/ku_critical_sweep/R8r4_Ku5k.mx3,direct_loader,mx3.m_loadfile@L44,active,04_frustrated_fm_foundation/20260105_frustrated_fm/anisotropy_study/ku_critical_sweep/results/survival_table.txt:L4,run-ku-critical-r8r4-ku5k,init-analytic-axisz-r8r4,N/A,literal_transform,Active Ku-critical sweep leaf.
04_frustrated_fm_foundation/20260105_frustrated_fm/anisotropy_study/ku_critical_sweep/analyze_centroid_drift.py,known_ovf_reader,python.known_ovf_reader@L62,reference_only,95_shared_scripts/handoff_delivery/document_registry.md:L15,N/A,N/A,N/A,reference_only,Not scientifically classified; no status is inferred from its directory or inventory disposition.
04_frustrated_fm_foundation/20260105_frustrated_fm/anisotropy_study/ku_critical_sweep/analyze_sweep_large.py,known_ovf_reader,python.known_ovf_reader@L143,reference_only,95_shared_scripts/handoff_delivery/document_registry.md:L15,N/A,N/A,N/A,reference_only,Not scientifically classified; no status is inferred from its directory or inventory disposition.
04_frustrated_fm_foundation/20260105_frustrated_fm/anisotropy_study/ku_critical_sweep/compute_qh_ku_sweep.mx3,direct_loader,mx3.m_loadfile@L12;mx3.m_loadfile@L13;mx3.m_loadfile@L14;mx3.m_loadfile@L15;mx3.m_loadfile@L16;mx3.m_loadfile@L17;mx3.m_loadfile@L18;mx3.m_loadfile@L19;mx3.m_loadfile@L20;mx3.m_loadfile@L21;mx3.m_loadfile@L22;mx3.m_loadfile@L23,reference_only,95_shared_scripts/handoff_delivery/document_registry.md:L15,N/A,N/A,N/A,reference_only,Not scientifically classified; no status is inferred from its directory or inventory disposition.
04_frustrated_fm_foundation/20260105_frustrated_fm/anisotropy_study/ku_critical_sweep/draw_ku_hopfion_gallery.py,known_ovf_reader,python.known_ovf_reader@L39,archive,95_shared_scripts/handoff_delivery/document_registry.md:L15,N/A,N/A,N/A,archive,Not scientifically classified; no status is inferred from its directory or inventory disposition.
04_frustrated_fm_foundation/20260105_frustrated_fm/anisotropy_study/size_vs_ku/Ku1_0.0e+00_Ms_1.5000e+05.mx3,direct_loader,mx3.m_loadfile@L55,active,04_frustrated_fm_foundation/20260105_frustrated_fm/size_sweep/README.md:L53,run-size-small-ku0,init-small-unknown,N/A,literal_transform,Active SMALL-seed size leaf; the seed generator and parameters remain UNKNOWN.
04_frustrated_fm_foundation/20260105_frustrated_fm/anisotropy_study/size_vs_ku/Ku1_1.0e+04_Ms_1.5000e+05.mx3,direct_loader,mx3.m_loadfile@L55,reference_only,95_shared_scripts/handoff_delivery/document_registry.md:L15,N/A,N/A,N/A,reference_only,Not scientifically classified; no status is inferred from its directory or inventory disposition.
04_frustrated_fm_foundation/20260105_frustrated_fm/anisotropy_study/size_vs_ku/Ku1_1.2e+04_Ms_1.5000e+05.mx3,direct_loader,mx3.m_loadfile@L47,reference_only,95_shared_scripts/handoff_delivery/document_registry.md:L15,N/A,N/A,N/A,reference_only,Not scientifically classified; no status is inferred from its directory or inventory disposition.
04_frustrated_fm_foundation/20260105_frustrated_fm/anisotropy_study/size_vs_ku/Ku1_2.5e+03_Ms_1.5000e+05.mx3,direct_loader,mx3.m_loadfile@L55,reference_only,95_shared_scripts/handoff_delivery/document_registry.md:L15,N/A,N/A,N/A,reference_only,Not scientifically classified; no status is inferred from its directory or inventory disposition.
04_frustrated_fm_foundation/20260105_frustrated_fm/anisotropy_study/size_vs_ku/Ku1_5.0e+03_Ms_1.5000e+05.mx3,direct_loader,mx3.m_loadfile@L55,reference_only,95_shared_scripts/handoff_delivery/document_registry.md:L15,N/A,N/A,N/A,reference_only,Not scientifically classified; no status is inferred from its directory or inventory disposition.
04_frustrated_fm_foundation/20260105_frustrated_fm/anisotropy_study/size_vs_ku/Ku1_7.5e+03_Ms_1.5000e+05.mx3,direct_loader,mx3.m_loadfile@L55,reference_only,95_shared_scripts/handoff_delivery/document_registry.md:L15,N/A,N/A,N/A,reference_only,Not scientifically classified; no status is inferred from its directory or inventory disposition.
04_frustrated_fm_foundation/20260105_frustrated_fm/anisotropy_study/size_vs_ku/analyze_ani_sweep.py,known_ovf_reader,python.known_ovf_reader@L162,archive,95_shared_scripts/handoff_delivery/document_registry.md:L15,N/A,N/A,N/A,archive,Not scientifically classified; no status is inferred from its directory or inventory disposition.
04_frustrated_fm_foundation/20260105_frustrated_fm/anisotropy_study/size_vs_ku/run_extended_sweep.py,generator,python.template_m_loadfile@L18,reference_only,95_shared_scripts/handoff_delivery/document_registry.md:L15,N/A,N/A,N/A,reference_only,Not scientifically classified; no status is inferred from its directory or inventory disposition.
04_frustrated_fm_foundation/20260105_frustrated_fm/anisotropy_study/size_vs_ku/run_full_workflow.py,generator;known_ovf_reader,python.template_m_loadfile@L36;python.known_ovf_reader@L293,archive,95_shared_scripts/handoff_delivery/document_registry.md:L15,N/A,N/A,N/A,archive,Not scientifically classified; no status is inferred from its directory or inventory disposition.
04_frustrated_fm_foundation/20260105_frustrated_fm/centered_stability_test/analyze_centered_stability.py,known_ovf_reader,python.known_ovf_reader@L61,reference_only,95_shared_scripts/handoff_delivery/document_registry.md:L15,N/A,N/A,N/A,reference_only,Not scientifically classified; no status is inferred from its directory or inventory disposition.
04_frustrated_fm_foundation/20260105_frustrated_fm/centered_stability_test/analyze_properties.py,known_ovf_reader,python.known_ovf_reader@L142,reference_only,95_shared_scripts/handoff_delivery/document_registry.md:L15,N/A,N/A,N/A,reference_only,Not scientifically classified; no status is inferred from its directory or inventory disposition.
04_frustrated_fm_foundation/20260105_frustrated_fm/centered_stability_test/compute_qh_timeseries.mx3,direct_loader,mx3.m_loadfile@L10;mx3.m_loadfile@L11;mx3.m_loadfile@L12;mx3.m_loadfile@L13;mx3.m_loadfile@L14;mx3.m_loadfile@L15;mx3.m_loadfile@L16;mx3.m_loadfile@L17;mx3.m_loadfile@L18;mx3.m_loadfile@L19;mx3.m_loadfile@L20;mx3.m_loadfile@L21;mx3.m_loadfile@L22;mx3.m_loadfile@L23;mx3.m_loadfile@L24;mx3.m_loadfile@L25;mx3.m_loadfile@L26;mx3.m_loadfile@L27;mx3.m_loadfile@L28;mx3.m_loadfile@L29;mx3.m_loadfile@L30;mx3.m_loadfile@L32;mx3.m_loadfile@L33;mx3.m_loadfile@L34;mx3.m_loadfile@L35;mx3.m_loadfile@L36;mx3.m_loadfile@L37;mx3.m_loadfile@L38;mx3.m_loadfile@L39;mx3.m_loadfile@L40;mx3.m_loadfile@L41;mx3.m_loadfile@L42;mx3.m_loadfile@L43;mx3.m_loadfile@L44;mx3.m_loadfile@L45;mx3.m_loadfile@L46;mx3.m_loadfile@L47;mx3.m_loadfile@L48;mx3.m_loadfile@L49;mx3.m_loadfile@L50;mx3.m_loadfile@L51;mx3.m_loadfile@L52;mx3.m_loadfile@L54;mx3.m_loadfile@L55;mx3.m_loadfile@L56;mx3.m_loadfile@L57;mx3.m_loadfile@L58;mx3.m_loadfile@L59;mx3.m_loadfile@L60;mx3.m_loadfile@L61;mx3.m_loadfile@L62;mx3.m_loadfile@L63;mx3.m_loadfile@L64;mx3.m_loadfile@L65;mx3.m_loadfile@L66;mx3.m_loadfile@L67;mx3.m_loadfile@L68;mx3.m_loadfile@L69;mx3.m_loadfile@L70;mx3.m_loadfile@L71;mx3.m_loadfile@L72;mx3.m_loadfile@L73;mx3.m_loadfile@L74,reference_only,95_shared_scripts/handoff_delivery/document_registry.md:L15,N/A,N/A,N/A,reference_only,Not scientifically classified; no status is inferred from its directory or inventory disposition.
04_frustrated_fm_foundation/20260105_frustrated_fm/centered_stability_test/generate_centered_ovf.py,known_ovf_reader,python.known_ovf_reader@L26,reference_only,95_shared_scripts/handoff_delivery/document_registry.md:L15,N/A,N/A,N/A,reference_only,Not scientifically classified; no status is inferred from its directory or inventory disposition.
04_frustrated_fm_foundation/20260105_frustrated_fm/centered_stability_test/replot_paper_style.py,known_ovf_reader,python.known_ovf_reader@L39,archive,95_shared_scripts/handoff_delivery/document_registry.md:L15,N/A,N/A,N/A,archive,Not scientifically classified; no status is inferred from its directory or inventory disposition.
04_frustrated_fm_foundation/20260105_frustrated_fm/centered_stability_test/run_stability_tests.sh,shell_manager,shell.field_manager@L16,archive,95_shared_scripts/handoff_delivery/document_registry.md:L15,N/A,N/A,N/A,archive,Not scientifically classified; no status is inferred from its directory or inventory disposition.
04_frustrated_fm_foundation/20260105_frustrated_fm/centered_stability_test/stability_Ku0.mx3,direct_loader,mx3.m_loadfile@L49,active,04_frustrated_fm_foundation/20260105_frustrated_fm/centered_stability_test/stability_results/stability_summary.txt:L3,run-centered-ku0,init-centered-ku0,N/A,literal_transform,Active centered-stability leaf; recipe remains documented_only.
04_frustrated_fm_foundation/20260105_frustrated_fm/centered_stability_test/stability_Ku10k.mx3,direct_loader,mx3.m_loadfile@L49,active,04_frustrated_fm_foundation/20260105_frustrated_fm/centered_stability_test/stability_results/stability_summary.txt:L4,run-centered-ku10k,init-centered-ku10k,N/A,literal_transform,Active centered-stability leaf; recipe remains documented_only.
04_frustrated_fm_foundation/20260105_frustrated_fm/centered_stability_test/stability_Ku50k.mx3,direct_loader,mx3.m_loadfile@L49,active,04_frustrated_fm_foundation/20260105_frustrated_fm/centered_stability_test/stability_results/stability_summary.txt:L5,run-centered-ku50k,init-centered-ku50k,N/A,literal_transform,Active centered-stability leaf; recipe remains documented_only.
04_frustrated_fm_foundation/20260105_frustrated_fm/compute_hopf_index.py,known_ovf_reader,python.known_ovf_reader@L22,archive,95_shared_scripts/handoff_delivery/document_registry.md:L15,N/A,N/A,N/A,archive,Not scientifically classified; no status is inferred from its directory or inventory disposition.
04_frustrated_fm_foundation/20260105_frustrated_fm/drift_experiments/bg_mx_axis_x_stable/run.mx3,direct_loader,mx3.m_loadfile@L51,active,04_frustrated_fm_foundation/20260105_frustrated_fm/drift_experiments/README.md:L75,run-drift-bgmx-axisx-stable,init-drift-axisx-bgmx-r3r2,N/A,literal_transform,Active 10 ns drift-stability leaf; status does not claim a known generator.
04_frustrated_fm_foundation/20260105_frustrated_fm/drift_experiments/bg_my_axis_y_stable/run.mx3,direct_loader,mx3.m_loadfile@L69,reference_only,95_shared_scripts/handoff_delivery/document_registry.md:L15,N/A,N/A,N/A,reference_only,Not scientifically classified; no status is inferred from its directory or inventory disposition.
04_frustrated_fm_foundation/20260105_frustrated_fm/drift_experiments/initial_states/generate_xaxis_zbg_R3r2.py,known_ovf_reader,python.known_ovf_reader@L19,reference_only,95_shared_scripts/handoff_delivery/document_registry.md:L15,N/A,N/A,N/A,reference_only,Not scientifically classified; no status is inferred from its directory or inventory disposition.
04_frustrated_fm_foundation/20260105_frustrated_fm/drift_experiments/unified_rerun/bg_mx_axis_x.mx3,direct_loader,mx3.m_loadfile@L47,reference_only,95_shared_scripts/handoff_delivery/document_registry.md:L15,N/A,N/A,N/A,reference_only,Not scientifically classified; no status is inferred from its directory or inventory disposition.
04_frustrated_fm_foundation/20260105_frustrated_fm/drift_experiments/unified_rerun/bg_my_axis_y.mx3,direct_loader,mx3.m_loadfile@L47,reference_only,95_shared_scripts/handoff_delivery/document_registry.md:L15,N/A,N/A,N/A,reference_only,Not scientifically classified; no status is inferred from its directory or inventory disposition.
04_frustrated_fm_foundation/20260105_frustrated_fm/drift_experiments/unified_rerun/bg_my_axis_y_continue.mx3,direct_loader,mx3.m_loadfile@L48,reference_only,95_shared_scripts/handoff_delivery/document_registry.md:L15,N/A,N/A,N/A,reference_only,Not scientifically classified; no status is inferred from its directory or inventory disposition.
04_frustrated_fm_foundation/20260105_frustrated_fm/drift_experiments/unified_rerun/bg_mz_axis_x.mx3,direct_loader,mx3.m_loadfile@L47,reference_only,95_shared_scripts/handoff_delivery/document_registry.md:L15,N/A,N/A,N/A,reference_only,Not scientifically classified; no status is inferred from its directory or inventory disposition.
04_frustrated_fm_foundation/20260105_frustrated_fm/drift_experiments/unified_rerun/bg_mz_axis_z.mx3,direct_loader,mx3.m_loadfile@L47,reference_only,95_shared_scripts/handoff_delivery/document_registry.md:L15,N/A,N/A,N/A,reference_only,Not scientifically classified; no status is inferred from its directory or inventory disposition.
04_frustrated_fm_foundation/20260105_frustrated_fm/drift_experiments/unified_rerun/run_continue.sh,shell_manager,shell.field_manager@L7,archive,95_shared_scripts/handoff_delivery/document_registry.md:L15,N/A,N/A,N/A,archive,Not scientifically classified; no status is inferred from its directory or inventory disposition.
04_frustrated_fm_foundation/20260105_frustrated_fm/drift_experiments/unified_rerun/run_drift_unified.sh,shell_manager,shell.field_manager@L6,archive,95_shared_scripts/handoff_delivery/document_registry.md:L15,N/A,N/A,N/A,archive,Not scientifically classified; no status is inferred from its directory or inventory disposition.
04_frustrated_fm_foundation/20260105_frustrated_fm/drift_experiments/unified_rerun/run_sweep.sh,shell_manager,shell.field_manager@L4,archive,95_shared_scripts/handoff_delivery/document_registry.md:L15,N/A,N/A,N/A,archive,Not scientifically classified; no status is inferred from its directory or inventory disposition.
04_frustrated_fm_foundation/20260105_frustrated_fm/drift_experiments/unified_rerun/sweep_config.json,unresolved_touch,structured.dynamic_field_reference@L22,archive,95_shared_scripts/handoff_delivery/document_registry.md:L15,N/A,N/A,N/A,archive,Not scientifically classified; no status is inferred from its directory or inventory disposition.
04_frustrated_fm_foundation/20260105_frustrated_fm/size_sweep/R12r5_Ku0.mx3,direct_loader,mx3.m_loadfile@L44,active,04_frustrated_fm_foundation/20260105_frustrated_fm/size_sweep/README.md:L55,run-size-r12r5-ku0,init-analytic-axisz-r12r5,N/A,literal_transform,Active R12/r5 leaf; the missing historical continuation remains documented separately.
04_frustrated_fm_foundation/20260105_frustrated_fm/size_sweep/R8r4_Ku0.mx3,direct_loader,mx3.m_loadfile@L44,active,04_frustrated_fm_foundation/20260105_frustrated_fm/size_sweep/README.md:L54,run-size-r8r4-ku0,init-analytic-axisz-r8r4,N/A,literal_transform,Active R8/r4 size-convergence leaf.
04_frustrated_fm_foundation/20260105_frustrated_fm/size_sweep/analyze_size_sweep.py,known_ovf_reader,python.known_ovf_reader@L114,archive,95_shared_scripts/handoff_delivery/document_registry.md:L15,N/A,N/A,N/A,archive,Not scientifically classified; no status is inferred from its directory or inventory disposition.
04_frustrated_fm_foundation/20260105_frustrated_fm/size_sweep/replot_english.py,known_ovf_reader,python.known_ovf_reader@L73,archive,95_shared_scripts/handoff_delivery/document_registry.md:L15,N/A,N/A,N/A,archive,Not scientifically classified; no status is inferred from its directory or inventory disposition.
04_frustrated_fm_foundation/20260105_frustrated_fm/spin_wave_dynamics/amplitude_sweep/plane_wave/analyze_amplitude_sweep.py,known_ovf_reader,python.known_ovf_reader@L51,archive,95_shared_scripts/handoff_delivery/document_registry.md:L15,N/A,N/A,N/A,archive,Not scientifically classified; no status is inferred from its directory or inventory disposition.
04_frustrated_fm_foundation/20260105_frustrated_fm/spin_wave_dynamics/amplitude_sweep/plane_wave/analyze_hall_angle_amplitude.py,unresolved_touch,code.dynamic_field_reference@L41,archive,95_shared_scripts/handoff_delivery/document_registry.md:L15,N/A,N/A,N/A,archive,Not scientifically classified; no status is inferred from its directory or inventory disposition.
04_frustrated_fm_foundation/20260105_frustrated_fm/spin_wave_dynamics/amplitude_sweep/plane_wave/gen_amplitude_200GHz.py,generator,python.template_m_loadfile@L17,reference_only,95_shared_scripts/handoff_delivery/document_registry.md:L15,N/A,N/A,N/A,reference_only,Not scientifically classified; no status is inferred from its directory or inventory disposition.
04_frustrated_fm_foundation/20260105_frustrated_fm/spin_wave_dynamics/amplitude_sweep/plane_wave/gen_amplitude_extended.py,generator,python.template_m_loadfile@L42,archive,95_shared_scripts/handoff_delivery/document_registry.md:L15,N/A,N/A,N/A,archive,Not scientifically classified; no status is inferred from its directory or inventory disposition.
04_frustrated_fm_foundation/20260105_frustrated_fm/spin_wave_dynamics/amplitude_sweep/plane_wave/gen_amplitude_sweep.py,generator,python.template_m_loadfile@L22,archive,95_shared_scripts/handoff_delivery/document_registry.md:L15,N/A,N/A,N/A,archive,Not scientifically classified; no status is inferred from its directory or inventory disposition.
04_frustrated_fm_foundation/20260105_frustrated_fm/spin_wave_dynamics/amplitude_sweep/plane_wave/replot_paper_style.py,unresolved_touch,code.dynamic_field_reference@L158,archive,95_shared_scripts/handoff_delivery/document_registry.md:L15,N/A,N/A,N/A,archive,Not scientifically classified; no status is inferred from its directory or inventory disposition.
04_frustrated_fm_foundation/20260105_frustrated_fm/spin_wave_dynamics/amplitude_sweep/plane_wave/run_amplitude_extended.sh,shell_manager,shell.field_manager@L15,archive,95_shared_scripts/handoff_delivery/document_registry.md:L15,N/A,N/A,N/A,archive,Not scientifically classified; no status is inferred from its directory or inventory disposition.
04_frustrated_fm_foundation/20260105_frustrated_fm/spin_wave_dynamics/amplitude_sweep/plane_wave/run_amplitude_extended_part2.sh,shell_manager,shell.field_manager@L16,archive,95_shared_scripts/handoff_delivery/document_registry.md:L15,N/A,N/A,N/A,archive,Not scientifically classified; no status is inferred from its directory or inventory disposition.
04_frustrated_fm_foundation/20260105_frustrated_fm/spin_wave_dynamics/amplitude_sweep/plane_wave/run_amplitude_sweep.ps1,shell_manager,shell.field_manager@L15,archive,95_shared_scripts/handoff_delivery/document_registry.md:L15,N/A,N/A,N/A,archive,Not scientifically classified; no status is inferred from its directory or inventory disposition.
04_frustrated_fm_foundation/20260105_frustrated_fm/spin_wave_dynamics/amplitude_sweep/plane_wave/run_amplitude_sweep.sh,shell_manager,shell.field_manager@L15,reference_only,95_shared_scripts/handoff_delivery/document_registry.md:L15,N/A,N/A,N/A,reference_only,Not scientifically classified; no status is inferred from its directory or inventory disposition.
04_frustrated_fm_foundation/20260105_frustrated_fm/spin_wave_dynamics/amplitude_sweep/plane_wave/sw_B0p05T.mx3,direct_loader,mx3.m_loadfile@L60,active,04_frustrated_fm_foundation/20260105_frustrated_fm/spin_wave_dynamics/amplitude_sweep/plane_wave/results/summary_table.txt:L3,run-plane-srcx-amplitude-0p05t,init-centered-ku10k,N/A,literal_transform,Active six-point amplitude trajectory leaf; this does not reinstate the superseded three-point power-law claim.
04_frustrated_fm_foundation/20260105_frustrated_fm/spin_wave_dynamics/amplitude_sweep/plane_wave/sw_B0p1T.mx3,direct_loader,mx3.m_loadfile@L60,active,04_frustrated_fm_foundation/20260105_frustrated_fm/spin_wave_dynamics/amplitude_sweep/plane_wave/results/summary_table.txt:L4,run-plane-srcx-amplitude-0p1t,init-centered-ku10k,N/A,literal_transform,Active six-point amplitude trajectory leaf; this does not reinstate the superseded three-point power-law claim.
04_frustrated_fm_foundation/20260105_frustrated_fm/spin_wave_dynamics/amplitude_sweep/plane_wave/sw_B0p2T.mx3,direct_loader,mx3.m_loadfile@L60,active,04_frustrated_fm_foundation/20260105_frustrated_fm/spin_wave_dynamics/amplitude_sweep/plane_wave/results/summary_table.txt:L5,run-plane-srcx-amplitude-0p2t,init-centered-ku10k,N/A,literal_transform,Active six-point amplitude trajectory leaf; this does not reinstate the superseded three-point power-law claim.
04_frustrated_fm_foundation/20260105_frustrated_fm/spin_wave_dynamics/amplitude_sweep/plane_wave/sw_B0p3T.mx3,direct_loader,mx3.m_loadfile@L60,reference_only,95_shared_scripts/handoff_delivery/document_registry.md:L15,N/A,N/A,N/A,reference_only,Not scientifically classified; no status is inferred from its directory or inventory disposition.
04_frustrated_fm_foundation/20260105_frustrated_fm/spin_wave_dynamics/amplitude_sweep/plane_wave/sw_B0p5T.mx3,direct_loader,mx3.m_loadfile@L60,active,04_frustrated_fm_foundation/20260105_frustrated_fm/spin_wave_dynamics/amplitude_sweep/plane_wave/results/summary_table.txt:L6,run-plane-srcx-amplitude-0p5t,init-centered-ku10k,N/A,literal_transform,Active six-point amplitude trajectory leaf; this does not reinstate the superseded three-point power-law claim.
04_frustrated_fm_foundation/20260105_frustrated_fm/spin_wave_dynamics/amplitude_sweep/plane_wave/sw_B0p7T.mx3,direct_loader,mx3.m_loadfile@L60,reference_only,95_shared_scripts/handoff_delivery/document_registry.md:L15,N/A,N/A,N/A,reference_only,Not scientifically classified; no status is inferred from its directory or inventory disposition.
04_frustrated_fm_foundation/20260105_frustrated_fm/spin_wave_dynamics/amplitude_sweep/plane_wave/sw_B1p0T.mx3,direct_loader,mx3.m_loadfile@L61,active,04_frustrated_fm_foundation/20260105_frustrated_fm/spin_wave_dynamics/amplitude_sweep/plane_wave/results/summary_table.txt:L7,run-plane-srcx-amplitude-1p0t,init-centered-ku10k,N/A,literal_transform,Active six-point amplitude trajectory leaf; this does not reinstate the superseded three-point power-law claim.
04_frustrated_fm_foundation/20260105_frustrated_fm/spin_wave_dynamics/amplitude_sweep/plane_wave/sw_B2p0T.mx3,direct_loader,mx3.m_loadfile@L60,active,04_frustrated_fm_foundation/20260105_frustrated_fm/spin_wave_dynamics/amplitude_sweep/plane_wave/results/summary_table.txt:L8,run-plane-srcx-amplitude-2p0t,init-centered-ku10k,N/A,literal_transform,Active six-point amplitude trajectory leaf; this does not reinstate the superseded three-point power-law claim.
04_frustrated_fm_foundation/20260105_frustrated_fm/spin_wave_dynamics/amplitude_sweep/plane_wave/sw_B3p0T.mx3,direct_loader,mx3.m_loadfile@L60,reference_only,95_shared_scripts/handoff_delivery/document_registry.md:L15,N/A,N/A,N/A,reference_only,Not scientifically classified; no status is inferred from its directory or inventory disposition.
04_frustrated_fm_foundation/20260105_frustrated_fm/spin_wave_dynamics/amplitude_sweep/plane_wave/sw_B5p0T.mx3,direct_loader,mx3.m_loadfile@L60,reference_only,95_shared_scripts/handoff_delivery/document_registry.md:L15,N/A,N/A,N/A,reference_only,Not scientifically classified; no status is inferred from its directory or inventory disposition.
04_frustrated_fm_foundation/20260105_frustrated_fm/spin_wave_dynamics/amplitude_sweep/plane_wave/sw_f1000GHz_B0p5T.mx3,direct_loader,mx3.m_loadfile@L60,reference_only,95_shared_scripts/handoff_delivery/document_registry.md:L15,N/A,N/A,N/A,reference_only,Not scientifically classified; no status is inferred from its directory or inventory disposition.
04_frustrated_fm_foundation/20260105_frustrated_fm/spin_wave_dynamics/amplitude_sweep/plane_wave/sw_f1000GHz_B2p0T.mx3,direct_loader,mx3.m_loadfile@L60,reference_only,95_shared_scripts/handoff_delivery/document_registry.md:L15,N/A,N/A,N/A,reference_only,Not scientifically classified; no status is inferred from its directory or inventory disposition.
04_frustrated_fm_foundation/20260105_frustrated_fm/spin_wave_dynamics/amplitude_sweep/plane_wave/sw_f200GHz_B0p5T.mx3,direct_loader,mx3.m_loadfile@L60,reference_only,95_shared_scripts/handoff_delivery/document_registry.md:L15,N/A,N/A,N/A,reference_only,Not scientifically classified; no status is inferred from its directory or inventory disposition.
04_frustrated_fm_foundation/20260105_frustrated_fm/spin_wave_dynamics/amplitude_sweep/plane_wave/sw_f200GHz_B2p0T.mx3,direct_loader,mx3.m_loadfile@L60,reference_only,95_shared_scripts/handoff_delivery/document_registry.md:L15,N/A,N/A,N/A,reference_only,Not scientifically classified; no status is inferred from its directory or inventory disposition.
04_frustrated_fm_foundation/20260105_frustrated_fm/spin_wave_dynamics/amplitude_sweep/plane_wave/watch_then_stop.sh,shell_manager,shell.field_manager@L33,archive,95_shared_scripts/handoff_delivery/document_registry.md:L15,N/A,N/A,N/A,archive,Not scientifically classified; no status is inferred from its directory or inventory disposition.
04_frustrated_fm_foundation/20260105_frustrated_fm/spin_wave_dynamics/amplitude_sweep/plane_wave_srcZ/gen_srcZ_amplitude_sweep.py,generator,python.template_m_loadfile@L9,archive,95_shared_scripts/handoff_delivery/document_registry.md:L15,N/A,N/A,N/A,archive,Not scientifically classified; no status is inferred from its directory or inventory disposition.
04_frustrated_fm_foundation/20260105_frustrated_fm/spin_wave_dynamics/amplitude_sweep/plane_wave_srcZ/run_srcZ_amplitude_sweep.sh,shell_manager,shell.field_manager@L6,archive,95_shared_scripts/handoff_delivery/document_registry.md:L15,N/A,N/A,N/A,archive,Not scientifically classified; no status is inferred from its directory or inventory disposition.
04_frustrated_fm_foundation/20260105_frustrated_fm/spin_wave_dynamics/amplitude_sweep/plane_wave_srcZ/sw_srcZ_B0p1T.mx3,direct_loader,mx3.m_loadfile@L65,reference_only,95_shared_scripts/handoff_delivery/document_registry.md:L15,N/A,N/A,N/A,reference_only,Not scientifically classified; no status is inferred from its directory or inventory disposition.
04_frustrated_fm_foundation/20260105_frustrated_fm/spin_wave_dynamics/amplitude_sweep/plane_wave_srcZ/sw_srcZ_B0p2T.mx3,direct_loader,mx3.m_loadfile@L65,reference_only,95_shared_scripts/handoff_delivery/document_registry.md:L15,N/A,N/A,N/A,reference_only,Not scientifically classified; no status is inferred from its directory or inventory disposition.
04_frustrated_fm_foundation/20260105_frustrated_fm/spin_wave_dynamics/amplitude_sweep/plane_wave_srcZ/sw_srcZ_B0p5T.mx3,direct_loader,mx3.m_loadfile@L65,reference_only,95_shared_scripts/handoff_delivery/document_registry.md:L15,N/A,N/A,N/A,reference_only,Not scientifically classified; no status is inferred from its directory or inventory disposition.
04_frustrated_fm_foundation/20260105_frustrated_fm/spin_wave_dynamics/amplitude_sweep/plane_wave_srcZ/sw_srcZ_B1p0T.mx3,direct_loader,mx3.m_loadfile@L65,reference_only,95_shared_scripts/handoff_delivery/document_registry.md:L15,N/A,N/A,N/A,reference_only,Not scientifically classified; no status is inferred from its directory or inventory disposition.
04_frustrated_fm_foundation/20260105_frustrated_fm/spin_wave_dynamics/amplitude_sweep/plane_wave_srcZ/sw_srcZ_B1p5T.mx3,direct_loader,mx3.m_loadfile@L65,reference_only,95_shared_scripts/handoff_delivery/document_registry.md:L15,N/A,N/A,N/A,reference_only,Not scientifically classified; no status is inferred from its directory or inventory disposition.
04_frustrated_fm_foundation/20260105_frustrated_fm/spin_wave_dynamics/amplitude_sweep/plane_wave_srcZ/sw_srcZ_B2p0T.mx3,direct_loader,mx3.m_loadfile@L65,reference_only,95_shared_scripts/handoff_delivery/document_registry.md:L15,N/A,N/A,N/A,reference_only,Not scientifically classified; no status is inferred from its directory or inventory disposition.
04_frustrated_fm_foundation/20260105_frustrated_fm/spin_wave_dynamics/amplitude_sweep/point_source/analyze_full_B_sweep.py,known_ovf_reader,python.known_ovf_reader@L54;python.known_ovf_reader@L55,reference_only,95_shared_scripts/handoff_delivery/document_registry.md:L15,N/A,N/A,N/A,reference_only,Not scientifically classified; no status is inferred from its directory or inventory disposition.
04_frustrated_fm_foundation/20260105_frustrated_fm/spin_wave_dynamics/amplitude_sweep/point_source/analyze_ps_baseline.py,known_ovf_reader,python.known_ovf_reader@L97;python.known_ovf_reader@L104;python.known_ovf_reader@L118,reference_only,95_shared_scripts/handoff_delivery/document_registry.md:L15,N/A,N/A,N/A,reference_only,Not scientifically classified; no status is inferred from its directory or inventory disposition.
04_frustrated_fm_foundation/20260105_frustrated_fm/spin_wave_dynamics/amplitude_sweep/point_source/ps_srcX_vibX_1100GHz_B100.mx3,direct_loader,mx3.m_loadfile@L64,reference_only,95_shared_scripts/handoff_delivery/document_registry.md:L15,N/A,N/A,N/A,reference_only,Not scientifically classified; no status is inferred from its directory or inventory disposition.
04_frustrated_fm_foundation/20260105_frustrated_fm/spin_wave_dynamics/amplitude_sweep/point_source/ps_srcX_vibX_1100GHz_B1000.mx3,direct_loader,mx3.m_loadfile@L64,reference_only,95_shared_scripts/handoff_delivery/document_registry.md:L15,N/A,N/A,N/A,reference_only,Not scientifically classified; no status is inferred from its directory or inventory disposition.
04_frustrated_fm_foundation/20260105_frustrated_fm/spin_wave_dynamics/amplitude_sweep/point_source/ps_srcX_vibX_1100GHz_B200.mx3,direct_loader,mx3.m_loadfile@L64,reference_only,95_shared_scripts/handoff_delivery/document_registry.md:L15,N/A,N/A,N/A,reference_only,Not scientifically classified; no status is inferred from its directory or inventory disposition.
04_frustrated_fm_foundation/20260105_frustrated_fm/spin_wave_dynamics/amplitude_sweep/point_source/ps_srcX_vibX_1100GHz_B2000.mx3,direct_loader,mx3.m_loadfile@L64,reference_only,95_shared_scripts/handoff_delivery/document_registry.md:L15,N/A,N/A,N/A,reference_only,Not scientifically classified; no status is inferred from its directory or inventory disposition.
04_frustrated_fm_foundation/20260105_frustrated_fm/spin_wave_dynamics/amplitude_sweep/point_source/ps_srcX_vibX_1100GHz_B300.mx3,direct_loader,mx3.m_loadfile@L64,reference_only,95_shared_scripts/handoff_delivery/document_registry.md:L15,N/A,N/A,N/A,reference_only,Not scientifically classified; no status is inferred from its directory or inventory disposition.
04_frustrated_fm_foundation/20260105_frustrated_fm/spin_wave_dynamics/amplitude_sweep/point_source/ps_srcX_vibX_1100GHz_B400.mx3,direct_loader,mx3.m_loadfile@L64,reference_only,95_shared_scripts/handoff_delivery/document_registry.md:L15,N/A,N/A,N/A,reference_only,Not scientifically classified; no status is inferred from its directory or inventory disposition.
04_frustrated_fm_foundation/20260105_frustrated_fm/spin_wave_dynamics/amplitude_sweep/point_source/ps_srcX_vibX_1100GHz_B500.mx3,direct_loader,mx3.m_loadfile@L64,reference_only,95_shared_scripts/handoff_delivery/document_registry.md:L15,N/A,N/A,N/A,reference_only,Not scientifically classified; no status is inferred from its directory or inventory disposition.
04_frustrated_fm_foundation/20260105_frustrated_fm/spin_wave_dynamics/amplitude_sweep/point_source/ps_srcX_vibX_1100GHz_B500_continue.mx3,direct_loader,mx3.m_loadfile@L62,reference_only,95_shared_scripts/handoff_delivery/document_registry.md:L15,N/A,N/A,N/A,reference_only,Not scientifically classified; no status is inferred from its directory or inventory disposition.
04_frustrated_fm_foundation/20260105_frustrated_fm/spin_wave_dynamics/amplitude_sweep/point_source/ps_srcX_vibX_1100GHz_B700.mx3,direct_loader,mx3.m_loadfile@L64,reference_only,95_shared_scripts/handoff_delivery/document_registry.md:L15,N/A,N/A,N/A,reference_only,Not scientifically classified; no status is inferred from its directory or inventory disposition.
04_frustrated_fm_foundation/20260105_frustrated_fm/spin_wave_dynamics/amplitude_sweep/point_source/run_1100GHz_sweep.sh,shell_manager,shell.field_manager@L7,reference_only,95_shared_scripts/handoff_delivery/document_registry.md:L15,N/A,N/A,N/A,reference_only,Not scientifically classified; no status is inferred from its directory or inventory disposition.
04_frustrated_fm_foundation/20260105_frustrated_fm/spin_wave_dynamics/amplitude_sweep/point_source/run_remaining_sims.sh,shell_manager,shell.field_manager@L7,archive,95_shared_scripts/handoff_delivery/document_registry.md:L15,N/A,N/A,N/A,archive,Not scientifically classified; no status is inferred from its directory or inventory disposition.
04_frustrated_fm_foundation/20260105_frustrated_fm/spin_wave_dynamics/drive_selection/plane_wave/analyze_sw_4combos.py,known_ovf_reader,python.known_ovf_reader@L113;python.known_ovf_reader@L122;python.known_ovf_reader@L144,reference_only,95_shared_scripts/handoff_delivery/document_registry.md:L15,N/A,N/A,N/A,reference_only,Not scientifically classified; no status is inferred from its directory or inventory disposition.
04_frustrated_fm_foundation/20260105_frustrated_fm/spin_wave_dynamics/drive_selection/plane_wave/run_all_4combos.sh,shell_manager,shell.field_manager@L19,reference_only,95_shared_scripts/handoff_delivery/document_registry.md:L15,N/A,N/A,N/A,reference_only,Not scientifically classified; no status is inferred from its directory or inventory disposition.
04_frustrated_fm_foundation/20260105_frustrated_fm/spin_wave_dynamics/drive_selection/plane_wave/sw_srcX_vibX.mx3,direct_loader,mx3.m_loadfile@L68,active,04_frustrated_fm_foundation/20260105_frustrated_fm/spin_wave_dynamics/drive_selection/plane_wave/results/analysis_summary.txt:L7,run-direction-srcx_vibx,init-centered-ku10k,N/A,literal_transform,Active plane-wave direction-selection leaf.
04_frustrated_fm_foundation/20260105_frustrated_fm/spin_wave_dynamics/drive_selection/plane_wave/sw_srcX_vibZ.mx3,direct_loader,mx3.m_loadfile@L68,active,04_frustrated_fm_foundation/20260105_frustrated_fm/spin_wave_dynamics/drive_selection/plane_wave/results/analysis_summary.txt:L8,run-direction-srcx_vibz,init-centered-ku10k,N/A,literal_transform,Active plane-wave direction-selection leaf.
04_frustrated_fm_foundation/20260105_frustrated_fm/spin_wave_dynamics/drive_selection/plane_wave/sw_srcY_vibX.mx3,direct_loader,mx3.m_loadfile@L68,active,04_frustrated_fm_foundation/20260105_frustrated_fm/spin_wave_dynamics/drive_selection/plane_wave/results/analysis_summary.txt:L9,run-direction-srcy_vibx,init-centered-ku10k,N/A,literal_transform,Active plane-wave direction-selection leaf.
04_frustrated_fm_foundation/20260105_frustrated_fm/spin_wave_dynamics/drive_selection/plane_wave/sw_srcZ_vibX.mx3,direct_loader,mx3.m_loadfile@L68,active,04_frustrated_fm_foundation/20260105_frustrated_fm/spin_wave_dynamics/drive_selection/plane_wave/results/analysis_summary.txt:L10,run-direction-srcz_vibx,init-centered-ku10k,N/A,literal_transform,Active plane-wave direction-selection leaf.
04_frustrated_fm_foundation/20260105_frustrated_fm/spin_wave_dynamics/drive_selection/plane_wave/sw_srcZ_vibZ.mx3,direct_loader,mx3.m_loadfile@L68,active,04_frustrated_fm_foundation/20260105_frustrated_fm/spin_wave_dynamics/drive_selection/plane_wave/results/analysis_summary.txt:L11,run-direction-srcz_vibz,init-centered-ku10k,N/A,literal_transform,Active plane-wave direction-selection leaf.
04_frustrated_fm_foundation/20260105_frustrated_fm/spin_wave_dynamics/drive_selection/point_source/ps_srcX_vibX.mx3,direct_loader,mx3.m_loadfile@L68,reference_only,95_shared_scripts/handoff_delivery/document_registry.md:L15,N/A,N/A,N/A,reference_only,Not scientifically classified; no status is inferred from its directory or inventory disposition.
04_frustrated_fm_foundation/20260105_frustrated_fm/spin_wave_dynamics/drive_selection/point_source/ps_srcX_vibZ.mx3,direct_loader,mx3.m_loadfile@L68,reference_only,95_shared_scripts/handoff_delivery/document_registry.md:L15,N/A,N/A,N/A,reference_only,Not scientifically classified; no status is inferred from its directory or inventory disposition.
04_frustrated_fm_foundation/20260105_frustrated_fm/spin_wave_dynamics/drive_selection/point_source/ps_srcY_vibX.mx3,direct_loader,mx3.m_loadfile@L68,reference_only,95_shared_scripts/handoff_delivery/document_registry.md:L15,N/A,N/A,N/A,reference_only,Not scientifically classified; no status is inferred from its directory or inventory disposition.
04_frustrated_fm_foundation/20260105_frustrated_fm/spin_wave_dynamics/drive_selection/point_source/ps_srcY_vibZ.mx3,direct_loader,mx3.m_loadfile@L68,reference_only,95_shared_scripts/handoff_delivery/document_registry.md:L15,N/A,N/A,N/A,reference_only,Not scientifically classified; no status is inferred from its directory or inventory disposition.
04_frustrated_fm_foundation/20260105_frustrated_fm/spin_wave_dynamics/drive_selection/point_source/ps_srcZ_vibX.mx3,direct_loader,mx3.m_loadfile@L68,reference_only,95_shared_scripts/handoff_delivery/document_registry.md:L15,N/A,N/A,N/A,reference_only,Not scientifically classified; no status is inferred from its directory or inventory disposition.
04_frustrated_fm_foundation/20260105_frustrated_fm/spin_wave_dynamics/drive_selection/point_source/ps_srcZ_vibZ.mx3,direct_loader,mx3.m_loadfile@L68,reference_only,95_shared_scripts/handoff_delivery/document_registry.md:L15,N/A,N/A,N/A,reference_only,Not scientifically classified; no status is inferred from its directory or inventory disposition.
04_frustrated_fm_foundation/20260105_frustrated_fm/spin_wave_dynamics/drive_selection/point_source/run_all_ps.sh,shell_manager,shell.field_manager@L22,reference_only,95_shared_scripts/handoff_delivery/document_registry.md:L15,N/A,N/A,N/A,reference_only,Not scientifically classified; no status is inferred from its directory or inventory disposition.
04_frustrated_fm_foundation/20260105_frustrated_fm/spin_wave_dynamics/freq_sweep/plane_wave/srcX/02ns/sw_f1000GHz.mx3,direct_loader,mx3.m_loadfile@L67,active,04_frustrated_fm_foundation/20260105_frustrated_fm/spin_wave_dynamics/freq_sweep/plane_wave/srcX/results/motion_mode_summary.txt:L12,run-plane-srcx-1000ghz-02ns,init-centered-ku10k,N/A,literal_transform,Active srcX 0.2 ns frequency-sweep leaf.
04_frustrated_fm_foundation/20260105_frustrated_fm/spin_wave_dynamics/freq_sweep/plane_wave/srcX/02ns/sw_f100GHz.mx3,direct_loader,mx3.m_loadfile@L67,active,04_frustrated_fm_foundation/20260105_frustrated_fm/spin_wave_dynamics/freq_sweep/plane_wave/srcX/results/motion_mode_summary.txt:L3,run-plane-srcx-100ghz-02ns,init-centered-ku10k,N/A,literal_transform,Active srcX 0.2 ns frequency-sweep leaf.
04_frustrated_fm_foundation/20260105_frustrated_fm/spin_wave_dynamics/freq_sweep/plane_wave/srcX/02ns/sw_f200GHz.mx3,direct_loader,mx3.m_loadfile@L67,active,04_frustrated_fm_foundation/20260105_frustrated_fm/spin_wave_dynamics/freq_sweep/plane_wave/srcX/results/motion_mode_summary.txt:L4,run-plane-srcx-200ghz-02ns,init-centered-ku10k,N/A,literal_transform,Active srcX 0.2 ns frequency-sweep leaf.
04_frustrated_fm_foundation/20260105_frustrated_fm/spin_wave_dynamics/freq_sweep/plane_wave/srcX/02ns/sw_f300GHz.mx3,direct_loader,mx3.m_loadfile@L67,active,04_frustrated_fm_foundation/20260105_frustrated_fm/spin_wave_dynamics/freq_sweep/plane_wave/srcX/results/motion_mode_summary.txt:L5,run-plane-srcx-300ghz-02ns,init-centered-ku10k,N/A,literal_transform,Active srcX 0.2 ns frequency-sweep leaf.
04_frustrated_fm_foundation/20260105_frustrated_fm/spin_wave_dynamics/freq_sweep/plane_wave/srcX/02ns/sw_f400GHz.mx3,direct_loader,mx3.m_loadfile@L67,active,04_frustrated_fm_foundation/20260105_frustrated_fm/spin_wave_dynamics/freq_sweep/plane_wave/srcX/results/motion_mode_summary.txt:L6,run-plane-srcx-400ghz-02ns,init-centered-ku10k,N/A,literal_transform,Active srcX 0.2 ns frequency-sweep leaf.
04_frustrated_fm_foundation/20260105_frustrated_fm/spin_wave_dynamics/freq_sweep/plane_wave/srcX/02ns/sw_f500GHz.mx3,direct_loader,mx3.m_loadfile@L67,active,04_frustrated_fm_foundation/20260105_frustrated_fm/spin_wave_dynamics/freq_sweep/plane_wave/srcX/results/motion_mode_summary.txt:L7,run-plane-srcx-500ghz-02ns,init-centered-ku10k,N/A,literal_transform,Active srcX 0.2 ns frequency-sweep leaf.
04_frustrated_fm_foundation/20260105_frustrated_fm/spin_wave_dynamics/freq_sweep/plane_wave/srcX/02ns/sw_f600GHz.mx3,direct_loader,mx3.m_loadfile@L67,active,04_frustrated_fm_foundation/20260105_frustrated_fm/spin_wave_dynamics/freq_sweep/plane_wave/srcX/results/motion_mode_summary.txt:L8,run-plane-srcx-600ghz-02ns,init-centered-ku10k,N/A,literal_transform,Active srcX 0.2 ns frequency-sweep leaf.
04_frustrated_fm_foundation/20260105_frustrated_fm/spin_wave_dynamics/freq_sweep/plane_wave/srcX/02ns/sw_f700GHz.mx3,direct_loader,mx3.m_loadfile@L67,active,04_frustrated_fm_foundation/20260105_frustrated_fm/spin_wave_dynamics/freq_sweep/plane_wave/srcX/results/motion_mode_summary.txt:L9,run-plane-srcx-700ghz-02ns,init-centered-ku10k,N/A,literal_transform,Active srcX 0.2 ns frequency-sweep leaf.
04_frustrated_fm_foundation/20260105_frustrated_fm/spin_wave_dynamics/freq_sweep/plane_wave/srcX/02ns/sw_f800GHz.mx3,direct_loader,mx3.m_loadfile@L67,active,04_frustrated_fm_foundation/20260105_frustrated_fm/spin_wave_dynamics/freq_sweep/plane_wave/srcX/results/motion_mode_summary.txt:L10,run-plane-srcx-800ghz-02ns,init-centered-ku10k,N/A,literal_transform,Active srcX 0.2 ns frequency-sweep leaf.
04_frustrated_fm_foundation/20260105_frustrated_fm/spin_wave_dynamics/freq_sweep/plane_wave/srcX/02ns/sw_f900GHz.mx3,direct_loader,mx3.m_loadfile@L67,active,04_frustrated_fm_foundation/20260105_frustrated_fm/spin_wave_dynamics/freq_sweep/plane_wave/srcX/results/motion_mode_summary.txt:L11,run-plane-srcx-900ghz-02ns,init-centered-ku10k,N/A,literal_transform,Active srcX 0.2 ns frequency-sweep leaf.
04_frustrated_fm_foundation/20260105_frustrated_fm/spin_wave_dynamics/freq_sweep/plane_wave/srcX/05ns/sw_f100GHz.mx3,direct_loader,mx3.m_loadfile@L59,reference_only,95_shared_scripts/handoff_delivery/document_registry.md:L15,N/A,N/A,N/A,reference_only,Not scientifically classified; no status is inferred from its directory or inventory disposition.
04_frustrated_fm_foundation/20260105_frustrated_fm/spin_wave_dynamics/freq_sweep/plane_wave/srcX/05ns/sw_f200GHz.mx3,direct_loader,mx3.m_loadfile@L59,reference_only,95_shared_scripts/handoff_delivery/document_registry.md:L15,N/A,N/A,N/A,reference_only,Not scientifically classified; no status is inferred from its directory or inventory disposition.
04_frustrated_fm_foundation/20260105_frustrated_fm/spin_wave_dynamics/freq_sweep/plane_wave/srcX/05ns/sw_f300GHz.mx3,direct_loader,mx3.m_loadfile@L59,reference_only,95_shared_scripts/handoff_delivery/document_registry.md:L15,N/A,N/A,N/A,reference_only,Not scientifically classified; no status is inferred from its directory or inventory disposition.
04_frustrated_fm_foundation/20260105_frustrated_fm/spin_wave_dynamics/freq_sweep/plane_wave/srcX/05ns/sw_f500GHz.mx3,direct_loader,mx3.m_loadfile@L59,reference_only,95_shared_scripts/handoff_delivery/document_registry.md:L15,N/A,N/A,N/A,reference_only,Not scientifically classified; no status is inferred from its directory or inventory disposition.
04_frustrated_fm_foundation/20260105_frustrated_fm/spin_wave_dynamics/freq_sweep/plane_wave/srcX/05ns/sw_f900GHz.mx3,direct_loader,mx3.m_loadfile@L59,reference_only,95_shared_scripts/handoff_delivery/document_registry.md:L15,N/A,N/A,N/A,reference_only,Not scientifically classified; no status is inferred from its directory or inventory disposition.
04_frustrated_fm_foundation/20260105_frustrated_fm/spin_wave_dynamics/freq_sweep/plane_wave/srcX/gen_02ns.py,generator,python.template_m_loadfile@L17,archive,95_shared_scripts/handoff_delivery/document_registry.md:L15,N/A,N/A,N/A,archive,Not scientifically classified; no status is inferred from its directory or inventory disposition.
04_frustrated_fm_foundation/20260105_frustrated_fm/spin_wave_dynamics/freq_sweep/plane_wave/srcX/gen_05ns.py,generator,python.template_m_loadfile@L12,archive,95_shared_scripts/handoff_delivery/document_registry.md:L15,N/A,N/A,N/A,archive,Not scientifically classified; no status is inferred from its directory or inventory disposition.
04_frustrated_fm_foundation/20260105_frustrated_fm/spin_wave_dynamics/freq_sweep/plane_wave/srcZ/gen_deviceB_sweep.py,generator,python.template_m_loadfile@L13,reference_only,95_shared_scripts/handoff_delivery/document_registry.md:L15,N/A,N/A,N/A,reference_only,Not scientifically classified; no status is inferred from its directory or inventory disposition.
04_frustrated_fm_foundation/20260105_frustrated_fm/spin_wave_dynamics/freq_sweep/plane_wave/srcZ/run_deviceB_sweep.ps1,shell_manager,shell.field_manager@L22,reference_only,95_shared_scripts/handoff_delivery/document_registry.md:L15,N/A,N/A,N/A,reference_only,Not scientifically classified; no status is inferred from its directory or inventory disposition.
04_frustrated_fm_foundation/20260105_frustrated_fm/spin_wave_dynamics/freq_sweep/plane_wave/srcZ/sw_srcZ_f1000GHz.mx3,direct_loader,mx3.m_loadfile@L60,active,04_frustrated_fm_foundation/20260105_frustrated_fm/spin_wave_dynamics/freq_sweep/plane_wave/srcZ/results/motion_summary_srcZ.txt:L18,run-plane-srcz-1000ghz,init-centered-ku10k,N/A,literal_transform,Active srcZ leaf selected by the formal eight-frequency trajectory figure.
04_frustrated_fm_foundation/20260105_frustrated_fm/spin_wave_dynamics/freq_sweep/plane_wave/srcZ/sw_srcZ_f100GHz.mx3,direct_loader,mx3.m_loadfile@L60,active,04_frustrated_fm_foundation/20260105_frustrated_fm/spin_wave_dynamics/freq_sweep/plane_wave/srcZ/results/motion_summary_srcZ.txt:L6,run-plane-srcz-100ghz,init-centered-ku10k,N/A,literal_transform,Active srcZ leaf selected by the formal eight-frequency trajectory figure.
04_frustrated_fm_foundation/20260105_frustrated_fm/spin_wave_dynamics/freq_sweep/plane_wave/srcZ/sw_srcZ_f200GHz.mx3,direct_loader,mx3.m_loadfile@L60,reference_only,95_shared_scripts/handoff_delivery/document_registry.md:L15,N/A,N/A,N/A,reference_only,Not scientifically classified; no status is inferred from its directory or inventory disposition.
04_frustrated_fm_foundation/20260105_frustrated_fm/spin_wave_dynamics/freq_sweep/plane_wave/srcZ/sw_srcZ_f300GHz.mx3,direct_loader,mx3.m_loadfile@L60,reference_only,95_shared_scripts/handoff_delivery/document_registry.md:L15,N/A,N/A,N/A,reference_only,Not scientifically classified; no status is inferred from its directory or inventory disposition.
04_frustrated_fm_foundation/20260105_frustrated_fm/spin_wave_dynamics/freq_sweep/plane_wave/srcZ/sw_srcZ_f400GHz.mx3,direct_loader,mx3.m_loadfile@L60,reference_only,95_shared_scripts/handoff_delivery/document_registry.md:L15,N/A,N/A,N/A,reference_only,Not scientifically classified; no status is inferred from its directory or inventory disposition.
04_frustrated_fm_foundation/20260105_frustrated_fm/spin_wave_dynamics/freq_sweep/plane_wave/srcZ/sw_srcZ_f500GHz.mx3,direct_loader,mx3.m_loadfile@L60,active,04_frustrated_fm_foundation/20260105_frustrated_fm/spin_wave_dynamics/freq_sweep/plane_wave/srcZ/results/motion_summary_srcZ.txt:L13,run-plane-srcz-500ghz,init-centered-ku10k,N/A,literal_transform,Active srcZ leaf selected by the formal eight-frequency trajectory figure.
04_frustrated_fm_foundation/20260105_frustrated_fm/spin_wave_dynamics/freq_sweep/plane_wave/srcZ/sw_srcZ_f600GHz.mx3,direct_loader,mx3.m_loadfile@L60,reference_only,95_shared_scripts/handoff_delivery/document_registry.md:L15,N/A,N/A,N/A,reference_only,Not scientifically classified; no status is inferred from its directory or inventory disposition.
04_frustrated_fm_foundation/20260105_frustrated_fm/spin_wave_dynamics/freq_sweep/plane_wave/srcZ/sw_srcZ_f700GHz.mx3,direct_loader,mx3.m_loadfile@L60,reference_only,95_shared_scripts/handoff_delivery/document_registry.md:L15,N/A,N/A,N/A,reference_only,Not scientifically classified; no status is inferred from its directory or inventory disposition.
04_frustrated_fm_foundation/20260105_frustrated_fm/spin_wave_dynamics/freq_sweep/plane_wave/srcZ/sw_srcZ_f800GHz.mx3,direct_loader,mx3.m_loadfile@L60,reference_only,95_shared_scripts/handoff_delivery/document_registry.md:L15,N/A,N/A,N/A,reference_only,Not scientifically classified; no status is inferred from its directory or inventory disposition.
04_frustrated_fm_foundation/20260105_frustrated_fm/spin_wave_dynamics/freq_sweep/plane_wave/srcZ/sw_srcZ_f900GHz.mx3,direct_loader,mx3.m_loadfile@L60,active,04_frustrated_fm_foundation/20260105_frustrated_fm/spin_wave_dynamics/freq_sweep/plane_wave/srcZ/results/motion_summary_srcZ.txt:L17,run-plane-srcz-900ghz,init-centered-ku10k,N/A,literal_transform,Active srcZ leaf selected by the formal eight-frequency trajectory figure.
04_frustrated_fm_foundation/20260105_frustrated_fm/spin_wave_dynamics/freq_sweep/plane_wave/srcZ/sw_srcZ_fine_f1100GHz.mx3,direct_loader,mx3.m_loadfile@L70,active,04_frustrated_fm_foundation/20260105_frustrated_fm/spin_wave_dynamics/freq_sweep/plane_wave/srcZ/results/motion_summary_srcZ.txt:L19,run-plane-srcz-1100ghz,init-centered-ku10k,N/A,literal_transform,Active srcZ leaf selected by the formal eight-frequency trajectory figure.
04_frustrated_fm_foundation/20260105_frustrated_fm/spin_wave_dynamics/freq_sweep/plane_wave/srcZ/sw_srcZ_fine_f1200GHz.mx3,direct_loader,mx3.m_loadfile@L70,reference_only,95_shared_scripts/handoff_delivery/document_registry.md:L15,N/A,N/A,N/A,reference_only,Not scientifically classified; no status is inferred from its directory or inventory disposition.
04_frustrated_fm_foundation/20260105_frustrated_fm/spin_wave_dynamics/freq_sweep/plane_wave/srcZ/sw_srcZ_fine_f125GHz.mx3,direct_loader,mx3.m_loadfile@L70,reference_only,95_shared_scripts/handoff_delivery/document_registry.md:L15,N/A,N/A,N/A,reference_only,Not scientifically classified; no status is inferred from its directory or inventory disposition.
04_frustrated_fm_foundation/20260105_frustrated_fm/spin_wave_dynamics/freq_sweep/plane_wave/srcZ/sw_srcZ_fine_f1300GHz.mx3,direct_loader,mx3.m_loadfile@L70,active,04_frustrated_fm_foundation/20260105_frustrated_fm/spin_wave_dynamics/freq_sweep/plane_wave/srcZ/results/motion_summary_srcZ.txt:L21,run-plane-srcz-1300ghz,init-centered-ku10k,N/A,literal_transform,Active srcZ leaf selected by the formal eight-frequency trajectory figure.
04_frustrated_fm_foundation/20260105_frustrated_fm/spin_wave_dynamics/freq_sweep/plane_wave/srcZ/sw_srcZ_fine_f1500GHz.mx3,direct_loader,mx3.m_loadfile@L70,active,04_frustrated_fm_foundation/20260105_frustrated_fm/spin_wave_dynamics/freq_sweep/plane_wave/srcZ/results/motion_summary_srcZ.txt:L22,run-plane-srcz-1500ghz,init-centered-ku10k,N/A,literal_transform,Active srcZ leaf selected by the formal eight-frequency trajectory figure.
04_frustrated_fm_foundation/20260105_frustrated_fm/spin_wave_dynamics/freq_sweep/plane_wave/srcZ/sw_srcZ_fine_f150GHz.mx3,direct_loader,mx3.m_loadfile@L70,reference_only,95_shared_scripts/handoff_delivery/document_registry.md:L15,N/A,N/A,N/A,reference_only,Not scientifically classified; no status is inferred from its directory or inventory disposition.
04_frustrated_fm_foundation/20260105_frustrated_fm/spin_wave_dynamics/freq_sweep/plane_wave/srcZ/sw_srcZ_fine_f175GHz.mx3,direct_loader,mx3.m_loadfile@L70,reference_only,95_shared_scripts/handoff_delivery/document_registry.md:L15,N/A,N/A,N/A,reference_only,Not scientifically classified; no status is inferred from its directory or inventory disposition.
04_frustrated_fm_foundation/20260105_frustrated_fm/spin_wave_dynamics/freq_sweep/plane_wave/srcZ/sw_srcZ_fine_f25GHz.mx3,direct_loader,mx3.m_loadfile@L70,reference_only,95_shared_scripts/handoff_delivery/document_registry.md:L15,N/A,N/A,N/A,reference_only,Not scientifically classified; no status is inferred from its directory or inventory disposition.
04_frustrated_fm_foundation/20260105_frustrated_fm/spin_wave_dynamics/freq_sweep/plane_wave/srcZ/sw_srcZ_fine_f50GHz.mx3,direct_loader,mx3.m_loadfile@L70,reference_only,95_shared_scripts/handoff_delivery/document_registry.md:L15,N/A,N/A,N/A,reference_only,Not scientifically classified; no status is inferred from its directory or inventory disposition.
04_frustrated_fm_foundation/20260105_frustrated_fm/spin_wave_dynamics/freq_sweep/plane_wave/srcZ/sw_srcZ_fine_f75GHz.mx3,direct_loader,mx3.m_loadfile@L70,active,04_frustrated_fm_foundation/20260105_frustrated_fm/spin_wave_dynamics/freq_sweep/plane_wave/srcZ/results/motion_summary_srcZ.txt:L5,run-plane-srcz-75ghz,init-centered-ku10k,N/A,literal_transform,Active srcZ leaf selected by the formal eight-frequency trajectory figure.
04_frustrated_fm_foundation/20260105_frustrated_fm/spin_wave_dynamics/freq_sweep/point_source/srcX/ps_srcX_f1000GHz.mx3,direct_loader,mx3.m_loadfile@L69,active,04_frustrated_fm_foundation/20260105_frustrated_fm/spin_wave_dynamics/freq_sweep/point_source/results/point_source_summary.txt:L18,run-point-srcx-1000ghz,init-centered-ku10k,N/A,literal_transform,Active point-source frequency-sweep leaf; source-geometry amplitudes are not compared across plane and point sources.
04_frustrated_fm_foundation/20260105_frustrated_fm/spin_wave_dynamics/freq_sweep/point_source/srcX/ps_srcX_f100GHz.mx3,direct_loader,mx3.m_loadfile@L69,active,04_frustrated_fm_foundation/20260105_frustrated_fm/spin_wave_dynamics/freq_sweep/point_source/results/point_source_summary.txt:L9,run-point-srcx-100ghz,init-centered-ku10k,N/A,literal_transform,Active point-source frequency-sweep leaf; source-geometry amplitudes are not compared across plane and point sources.
04_frustrated_fm_foundation/20260105_frustrated_fm/spin_wave_dynamics/freq_sweep/point_source/srcX/ps_srcX_f200GHz.mx3,direct_loader,mx3.m_loadfile@L69,active,04_frustrated_fm_foundation/20260105_frustrated_fm/spin_wave_dynamics/freq_sweep/point_source/results/point_source_summary.txt:L10,run-point-srcx-200ghz,init-centered-ku10k,N/A,literal_transform,Active point-source frequency-sweep leaf; source-geometry amplitudes are not compared across plane and point sources.
04_frustrated_fm_foundation/20260105_frustrated_fm/spin_wave_dynamics/freq_sweep/point_source/srcX/ps_srcX_f300GHz.mx3,direct_loader,mx3.m_loadfile@L69,active,04_frustrated_fm_foundation/20260105_frustrated_fm/spin_wave_dynamics/freq_sweep/point_source/results/point_source_summary.txt:L11,run-point-srcx-300ghz,init-centered-ku10k,N/A,literal_transform,Active point-source frequency-sweep leaf; source-geometry amplitudes are not compared across plane and point sources.
04_frustrated_fm_foundation/20260105_frustrated_fm/spin_wave_dynamics/freq_sweep/point_source/srcX/ps_srcX_f400GHz.mx3,direct_loader,mx3.m_loadfile@L69,active,04_frustrated_fm_foundation/20260105_frustrated_fm/spin_wave_dynamics/freq_sweep/point_source/results/point_source_summary.txt:L12,run-point-srcx-400ghz,init-centered-ku10k,N/A,literal_transform,Active point-source frequency-sweep leaf; source-geometry amplitudes are not compared across plane and point sources.
04_frustrated_fm_foundation/20260105_frustrated_fm/spin_wave_dynamics/freq_sweep/point_source/srcX/ps_srcX_f500GHz.mx3,direct_loader,mx3.m_loadfile@L69,active,04_frustrated_fm_foundation/20260105_frustrated_fm/spin_wave_dynamics/freq_sweep/point_source/results/point_source_summary.txt:L13,run-point-srcx-500ghz,init-centered-ku10k,N/A,literal_transform,Active point-source frequency-sweep leaf; source-geometry amplitudes are not compared across plane and point sources.
04_frustrated_fm_foundation/20260105_frustrated_fm/spin_wave_dynamics/freq_sweep/point_source/srcX/ps_srcX_f600GHz.mx3,direct_loader,mx3.m_loadfile@L69,active,04_frustrated_fm_foundation/20260105_frustrated_fm/spin_wave_dynamics/freq_sweep/point_source/results/point_source_summary.txt:L14,run-point-srcx-600ghz,init-centered-ku10k,N/A,literal_transform,Active point-source frequency-sweep leaf; source-geometry amplitudes are not compared across plane and point sources.
04_frustrated_fm_foundation/20260105_frustrated_fm/spin_wave_dynamics/freq_sweep/point_source/srcX/ps_srcX_f700GHz.mx3,direct_loader,mx3.m_loadfile@L69,active,04_frustrated_fm_foundation/20260105_frustrated_fm/spin_wave_dynamics/freq_sweep/point_source/results/point_source_summary.txt:L15,run-point-srcx-700ghz,init-centered-ku10k,N/A,literal_transform,Active point-source frequency-sweep leaf; source-geometry amplitudes are not compared across plane and point sources.
04_frustrated_fm_foundation/20260105_frustrated_fm/spin_wave_dynamics/freq_sweep/point_source/srcX/ps_srcX_f800GHz.mx3,direct_loader,mx3.m_loadfile@L69,active,04_frustrated_fm_foundation/20260105_frustrated_fm/spin_wave_dynamics/freq_sweep/point_source/results/point_source_summary.txt:L16,run-point-srcx-800ghz,init-centered-ku10k,N/A,literal_transform,Active point-source frequency-sweep leaf; source-geometry amplitudes are not compared across plane and point sources.
04_frustrated_fm_foundation/20260105_frustrated_fm/spin_wave_dynamics/freq_sweep/point_source/srcX/ps_srcX_f900GHz.mx3,direct_loader,mx3.m_loadfile@L69,active,04_frustrated_fm_foundation/20260105_frustrated_fm/spin_wave_dynamics/freq_sweep/point_source/results/point_source_summary.txt:L17,run-point-srcx-900ghz,init-centered-ku10k,N/A,literal_transform,Active point-source frequency-sweep leaf; source-geometry amplitudes are not compared across plane and point sources.
04_frustrated_fm_foundation/20260105_frustrated_fm/spin_wave_dynamics/freq_sweep/point_source/srcX/run_freq_sweep.ps1,shell_manager,shell.field_manager@L32,reference_only,95_shared_scripts/handoff_delivery/document_registry.md:L15,N/A,N/A,N/A,reference_only,Not scientifically classified; no status is inferred from its directory or inventory disposition.
04_frustrated_fm_foundation/20260105_frustrated_fm/spin_wave_dynamics/freq_sweep/point_source/srcZ/ps_srcZ_f1000GHz.mx3,direct_loader,mx3.m_loadfile@L70,active,04_frustrated_fm_foundation/20260105_frustrated_fm/spin_wave_dynamics/freq_sweep/point_source/results/point_source_summary.txt:L34,run-point-srcz-1000ghz,init-centered-ku10k,N/A,literal_transform,Active point-source frequency-sweep leaf; source-geometry amplitudes are not compared across plane and point sources.
04_frustrated_fm_foundation/20260105_frustrated_fm/spin_wave_dynamics/freq_sweep/point_source/srcZ/ps_srcZ_f100GHz.mx3,direct_loader,mx3.m_loadfile@L70,active,04_frustrated_fm_foundation/20260105_frustrated_fm/spin_wave_dynamics/freq_sweep/point_source/results/point_source_summary.txt:L25,run-point-srcz-100ghz,init-centered-ku10k,N/A,literal_transform,Active point-source frequency-sweep leaf; source-geometry amplitudes are not compared across plane and point sources.
04_frustrated_fm_foundation/20260105_frustrated_fm/spin_wave_dynamics/freq_sweep/point_source/srcZ/ps_srcZ_f200GHz.mx3,direct_loader,mx3.m_loadfile@L70,active,04_frustrated_fm_foundation/20260105_frustrated_fm/spin_wave_dynamics/freq_sweep/point_source/results/point_source_summary.txt:L26,run-point-srcz-200ghz,init-centered-ku10k,N/A,literal_transform,Active point-source frequency-sweep leaf; source-geometry amplitudes are not compared across plane and point sources.
04_frustrated_fm_foundation/20260105_frustrated_fm/spin_wave_dynamics/freq_sweep/point_source/srcZ/ps_srcZ_f300GHz.mx3,direct_loader,mx3.m_loadfile@L70,active,04_frustrated_fm_foundation/20260105_frustrated_fm/spin_wave_dynamics/freq_sweep/point_source/results/point_source_summary.txt:L27,run-point-srcz-300ghz,init-centered-ku10k,N/A,literal_transform,Active point-source frequency-sweep leaf; source-geometry amplitudes are not compared across plane and point sources.
04_frustrated_fm_foundation/20260105_frustrated_fm/spin_wave_dynamics/freq_sweep/point_source/srcZ/ps_srcZ_f400GHz.mx3,direct_loader,mx3.m_loadfile@L70,active,04_frustrated_fm_foundation/20260105_frustrated_fm/spin_wave_dynamics/freq_sweep/point_source/results/point_source_summary.txt:L28,run-point-srcz-400ghz,init-centered-ku10k,N/A,literal_transform,Active point-source frequency-sweep leaf; source-geometry amplitudes are not compared across plane and point sources.
04_frustrated_fm_foundation/20260105_frustrated_fm/spin_wave_dynamics/freq_sweep/point_source/srcZ/ps_srcZ_f500GHz.mx3,direct_loader,mx3.m_loadfile@L70,active,04_frustrated_fm_foundation/20260105_frustrated_fm/spin_wave_dynamics/freq_sweep/point_source/results/point_source_summary.txt:L29,run-point-srcz-500ghz,init-centered-ku10k,N/A,literal_transform,Active point-source frequency-sweep leaf; source-geometry amplitudes are not compared across plane and point sources.
04_frustrated_fm_foundation/20260105_frustrated_fm/spin_wave_dynamics/freq_sweep/point_source/srcZ/ps_srcZ_f600GHz.mx3,direct_loader,mx3.m_loadfile@L70,active,04_frustrated_fm_foundation/20260105_frustrated_fm/spin_wave_dynamics/freq_sweep/point_source/results/point_source_summary.txt:L30,run-point-srcz-600ghz,init-centered-ku10k,N/A,literal_transform,Active point-source frequency-sweep leaf; source-geometry amplitudes are not compared across plane and point sources.
04_frustrated_fm_foundation/20260105_frustrated_fm/spin_wave_dynamics/freq_sweep/point_source/srcZ/ps_srcZ_f700GHz.mx3,direct_loader,mx3.m_loadfile@L70,active,04_frustrated_fm_foundation/20260105_frustrated_fm/spin_wave_dynamics/freq_sweep/point_source/results/point_source_summary.txt:L31,run-point-srcz-700ghz,init-centered-ku10k,N/A,literal_transform,Active point-source frequency-sweep leaf; source-geometry amplitudes are not compared across plane and point sources.
04_frustrated_fm_foundation/20260105_frustrated_fm/spin_wave_dynamics/freq_sweep/point_source/srcZ/ps_srcZ_f800GHz.mx3,direct_loader,mx3.m_loadfile@L70,active,04_frustrated_fm_foundation/20260105_frustrated_fm/spin_wave_dynamics/freq_sweep/point_source/results/point_source_summary.txt:L32,run-point-srcz-800ghz,init-centered-ku10k,N/A,literal_transform,Active point-source frequency-sweep leaf; source-geometry amplitudes are not compared across plane and point sources.
04_frustrated_fm_foundation/20260105_frustrated_fm/spin_wave_dynamics/freq_sweep/point_source/srcZ/ps_srcZ_f900GHz.mx3,direct_loader,mx3.m_loadfile@L70,active,04_frustrated_fm_foundation/20260105_frustrated_fm/spin_wave_dynamics/freq_sweep/point_source/results/point_source_summary.txt:L33,run-point-srcz-900ghz,init-centered-ku10k,N/A,literal_transform,Active point-source frequency-sweep leaf; source-geometry amplitudes are not compared across plane and point sources.
04_frustrated_fm_foundation/20260105_frustrated_fm/spin_wave_dynamics/freq_sweep/point_source/srcZ/run_freq_sweep.ps1,shell_manager,shell.field_manager@L33,reference_only,95_shared_scripts/handoff_delivery/document_registry.md:L15,N/A,N/A,N/A,reference_only,Not scientifically classified; no status is inferred from its directory or inventory disposition.
04_frustrated_fm_foundation/20260105_frustrated_fm/spin_wave_dynamics/multisource_control/baseline/run_srcZ_neg.sh,shell_manager,shell.field_manager@L7,archive,95_shared_scripts/handoff_delivery/document_registry.md:L15,N/A,N/A,N/A,archive,Not scientifically classified; no status is inferred from its directory or inventory disposition.
04_frustrated_fm_foundation/20260105_frustrated_fm/spin_wave_dynamics/multisource_control/baseline/sw_srcZ_neg_f200GHz.mx3,direct_loader,mx3.m_loadfile@L69,active,04_frustrated_fm_foundation/20260105_frustrated_fm/spin_wave_dynamics/multisource_control/baseline/sw_srcZ_neg_f200GHz.out/log.txt:L1,run-multisource-srcz-negative-200ghz,init-centered-ku10k,N/A,literal_transform,Active negative-z multisource baseline used by the valid formal baseline figure.
04_frustrated_fm_foundation/20260105_frustrated_fm/spin_wave_dynamics/multisource_control/bidirectional_z/freq_switch_bidirectional.mx3,direct_loader,mx3.m_loadfile@L70,reference_only,95_shared_scripts/handoff_delivery/document_registry.md:L15,N/A,N/A,N/A,reference_only,Not scientifically classified; no status is inferred from its directory or inventory disposition.
04_frustrated_fm_foundation/20260105_frustrated_fm/spin_wave_dynamics/multisource_control/bidirectional_z/freq_switch_bidirectional_v2.mx3,direct_loader,mx3.m_loadfile@L72,reference_only,95_shared_scripts/handoff_delivery/document_registry.md:L15,N/A,N/A,N/A,reference_only,Not scientifically classified; no status is inferred from its directory or inventory disposition.
04_frustrated_fm_foundation/20260105_frustrated_fm/spin_wave_dynamics/multisource_control/bidirectional_z/freq_switch_bidirectional_v3.mx3,direct_loader,mx3.m_loadfile@L72,reference_only,95_shared_scripts/handoff_delivery/document_registry.md:L15,N/A,N/A,N/A,reference_only,Not scientifically classified; no status is inferred from its directory or inventory disposition.
04_frustrated_fm_foundation/20260105_frustrated_fm/spin_wave_dynamics/multisource_control/bidirectional_z/run_freq_switch_v2.sh,shell_manager,shell.field_manager@L7,archive,95_shared_scripts/handoff_delivery/document_registry.md:L15,N/A,N/A,N/A,archive,Not scientifically classified; no status is inferred from its directory or inventory disposition.
04_frustrated_fm_foundation/20260105_frustrated_fm/spin_wave_dynamics/multisource_control/bidirectional_z/z_bidirectional_control.mx3,direct_loader,mx3.m_loadfile@L73,reference_only,95_shared_scripts/handoff_delivery/document_registry.md:L15,N/A,N/A,N/A,reference_only,Not scientifically classified; no status is inferred from its directory or inventory disposition.
04_frustrated_fm_foundation/20260105_frustrated_fm/spin_wave_dynamics/resume_srcZ_amp_cron.sh,shell_manager,shell.field_manager@L13,archive,95_shared_scripts/handoff_delivery/document_registry.md:L15,N/A,N/A,N/A,archive,Not scientifically classified; no status is inferred from its directory or inventory disposition.
04_frustrated_fm_foundation/20260105_frustrated_fm/spin_wave_dynamics/reverse_propagation_controls/p0_reverse_20260615/reverse_srcX_200GHz.mx3,direct_loader,mx3.m_loadfile@L68,reference_only,95_shared_scripts/handoff_delivery/document_registry.md:L15,N/A,N/A,N/A,reference_only,Not scientifically classified; no status is inferred from its directory or inventory disposition.
04_frustrated_fm_foundation/20260105_frustrated_fm/spin_wave_dynamics/reverse_propagation_controls/p0_reverse_20260615/reverse_srcZ_100GHz.mx3,direct_loader,mx3.m_loadfile@L60,reference_only,95_shared_scripts/handoff_delivery/document_registry.md:L15,N/A,N/A,N/A,reference_only,Not scientifically classified; no status is inferred from its directory or inventory disposition.
04_frustrated_fm_foundation/20260105_frustrated_fm/spin_wave_dynamics/reverse_propagation_controls/p0_reverse_20260615/reverse_srcZ_1100GHz.mx3,direct_loader,mx3.m_loadfile@L68,reference_only,95_shared_scripts/handoff_delivery/document_registry.md:L15,N/A,N/A,N/A,reference_only,Not scientifically classified; no status is inferred from its directory or inventory disposition.
04_frustrated_fm_foundation/20260105_frustrated_fm/spin_wave_dynamics/reverse_propagation_controls/p0_reverse_20260615/run_reverse_queue.sh,shell_manager,shell.field_manager@L5,archive,95_shared_scripts/handoff_delivery/document_registry.md:L15,N/A,N/A,N/A,archive,Not scientifically classified; no status is inferred from its directory or inventory disposition.
04_frustrated_fm_foundation/20260105_frustrated_fm/spin_wave_dynamics/run_all_supplementary.sh,shell_manager,shell.field_manager@L13,archive,95_shared_scripts/handoff_delivery/document_registry.md:L15,N/A,N/A,N/A,archive,Not scientifically classified; no status is inferred from its directory or inventory disposition.
04_frustrated_fm_foundation/20260105_frustrated_fm/spin_wave_dynamics/run_supplementary_cron.sh,shell_manager,shell.field_manager@L13,archive,95_shared_scripts/handoff_delivery/document_registry.md:L15,N/A,N/A,N/A,archive,Not scientifically classified; no status is inferred from its directory or inventory disposition.
04_frustrated_fm_foundation/20260105_frustrated_fm/spin_wave_dynamics/vibY_plane_wave/generate_all.py,generator,python.template_m_loadfile@L18,reference_only,95_shared_scripts/handoff_delivery/document_registry.md:L15,N/A,N/A,N/A,reference_only,Not scientifically classified; no status is inferred from its directory or inventory disposition.
04_frustrated_fm_foundation/20260105_frustrated_fm/spin_wave_dynamics/vibY_plane_wave/run_all.ps1,shell_manager,shell.field_manager@L26,reference_only,95_shared_scripts/handoff_delivery/document_registry.md:L15,N/A,N/A,N/A,reference_only,Not scientifically classified; no status is inferred from its directory or inventory disposition.
04_frustrated_fm_foundation/20260105_frustrated_fm/spin_wave_dynamics/vibY_plane_wave/sw_srcX_vibY_f1100_B0p5T.mx3,direct_loader,mx3.m_loadfile@L68,reference_only,95_shared_scripts/handoff_delivery/document_registry.md:L15,N/A,N/A,N/A,reference_only,Not scientifically classified; no status is inferred from its directory or inventory disposition.
04_frustrated_fm_foundation/20260105_frustrated_fm/spin_wave_dynamics/vibY_plane_wave/sw_srcX_vibY_f1100_B1T.mx3,direct_loader,mx3.m_loadfile@L68,reference_only,95_shared_scripts/handoff_delivery/document_registry.md:L15,N/A,N/A,N/A,reference_only,Not scientifically classified; no status is inferred from its directory or inventory disposition.
04_frustrated_fm_foundation/20260105_frustrated_fm/spin_wave_dynamics/vibY_plane_wave/sw_srcX_vibY_f1100_B2T.mx3,direct_loader,mx3.m_loadfile@L68,reference_only,95_shared_scripts/handoff_delivery/document_registry.md:L15,N/A,N/A,N/A,reference_only,Not scientifically classified; no status is inferred from its directory or inventory disposition.
04_frustrated_fm_foundation/20260105_frustrated_fm/spin_wave_dynamics/vibY_plane_wave/sw_srcX_vibY_f200_B0p5T.mx3,direct_loader,mx3.m_loadfile@L68,reference_only,95_shared_scripts/handoff_delivery/document_registry.md:L15,N/A,N/A,N/A,reference_only,Not scientifically classified; no status is inferred from its directory or inventory disposition.
04_frustrated_fm_foundation/20260105_frustrated_fm/spin_wave_dynamics/vibY_plane_wave/sw_srcX_vibY_f200_B1T.mx3,direct_loader,mx3.m_loadfile@L68,reference_only,95_shared_scripts/handoff_delivery/document_registry.md:L15,N/A,N/A,N/A,reference_only,Not scientifically classified; no status is inferred from its directory or inventory disposition.
04_frustrated_fm_foundation/20260105_frustrated_fm/spin_wave_dynamics/vibY_plane_wave/sw_srcX_vibY_f200_B2T.mx3,direct_loader,mx3.m_loadfile@L68,reference_only,95_shared_scripts/handoff_delivery/document_registry.md:L15,N/A,N/A,N/A,reference_only,Not scientifically classified; no status is inferred from its directory or inventory disposition.
04_frustrated_fm_foundation/20260105_frustrated_fm/spin_wave_dynamics/vibY_plane_wave/sw_srcX_vibY_f440_B0p5T.mx3,direct_loader,mx3.m_loadfile@L68,reference_only,95_shared_scripts/handoff_delivery/document_registry.md:L15,N/A,N/A,N/A,reference_only,Not scientifically classified; no status is inferred from its directory or inventory disposition.
04_frustrated_fm_foundation/20260105_frustrated_fm/spin_wave_dynamics/vibY_plane_wave/sw_srcX_vibY_f440_B1T.mx3,direct_loader,mx3.m_loadfile@L68,reference_only,95_shared_scripts/handoff_delivery/document_registry.md:L15,N/A,N/A,N/A,reference_only,Not scientifically classified; no status is inferred from its directory or inventory disposition.
04_frustrated_fm_foundation/20260105_frustrated_fm/spin_wave_dynamics/vibY_plane_wave/sw_srcX_vibY_f440_B2T.mx3,direct_loader,mx3.m_loadfile@L68,reference_only,95_shared_scripts/handoff_delivery/document_registry.md:L15,N/A,N/A,N/A,reference_only,Not scientifically classified; no status is inferred from its directory or inventory disposition.
04_frustrated_fm_foundation/20260105_frustrated_fm/spin_wave_dynamics/vibY_plane_wave/sw_srcX_vibY_f700_B0p5T.mx3,direct_loader,mx3.m_loadfile@L68,reference_only,95_shared_scripts/handoff_delivery/document_registry.md:L15,N/A,N/A,N/A,reference_only,Not scientifically classified; no status is inferred from its directory or inventory disposition.
04_frustrated_fm_foundation/20260105_frustrated_fm/spin_wave_dynamics/vibY_plane_wave/sw_srcX_vibY_f700_B1T.mx3,direct_loader,mx3.m_loadfile@L68,reference_only,95_shared_scripts/handoff_delivery/document_registry.md:L15,N/A,N/A,N/A,reference_only,Not scientifically classified; no status is inferred from its directory or inventory disposition.
04_frustrated_fm_foundation/20260105_frustrated_fm/spin_wave_dynamics/vibY_plane_wave/sw_srcX_vibY_f700_B2T.mx3,direct_loader,mx3.m_loadfile@L68,reference_only,95_shared_scripts/handoff_delivery/document_registry.md:L15,N/A,N/A,N/A,reference_only,Not scientifically classified; no status is inferred from its directory or inventory disposition.
04_frustrated_fm_foundation/20260105_frustrated_fm/spin_wave_dynamics/vibY_plane_wave/sw_srcY_vibY_f1100_B0p5T.mx3,direct_loader,mx3.m_loadfile@L68,reference_only,95_shared_scripts/handoff_delivery/document_registry.md:L15,N/A,N/A,N/A,reference_only,Not scientifically classified; no status is inferred from its directory or inventory disposition.
04_frustrated_fm_foundation/20260105_frustrated_fm/spin_wave_dynamics/vibY_plane_wave/sw_srcY_vibY_f1100_B1T.mx3,direct_loader,mx3.m_loadfile@L68,reference_only,95_shared_scripts/handoff_delivery/document_registry.md:L15,N/A,N/A,N/A,reference_only,Not scientifically classified; no status is inferred from its directory or inventory disposition.
04_frustrated_fm_foundation/20260105_frustrated_fm/spin_wave_dynamics/vibY_plane_wave/sw_srcY_vibY_f1100_B2T.mx3,direct_loader,mx3.m_loadfile@L68,reference_only,95_shared_scripts/handoff_delivery/document_registry.md:L15,N/A,N/A,N/A,reference_only,Not scientifically classified; no status is inferred from its directory or inventory disposition.
04_frustrated_fm_foundation/20260105_frustrated_fm/spin_wave_dynamics/vibY_plane_wave/sw_srcY_vibY_f200_B0p5T.mx3,direct_loader,mx3.m_loadfile@L68,reference_only,95_shared_scripts/handoff_delivery/document_registry.md:L15,N/A,N/A,N/A,reference_only,Not scientifically classified; no status is inferred from its directory or inventory disposition.
04_frustrated_fm_foundation/20260105_frustrated_fm/spin_wave_dynamics/vibY_plane_wave/sw_srcY_vibY_f200_B1T.mx3,direct_loader,mx3.m_loadfile@L68,reference_only,95_shared_scripts/handoff_delivery/document_registry.md:L15,N/A,N/A,N/A,reference_only,Not scientifically classified; no status is inferred from its directory or inventory disposition.
04_frustrated_fm_foundation/20260105_frustrated_fm/spin_wave_dynamics/vibY_plane_wave/sw_srcY_vibY_f200_B2T.mx3,direct_loader,mx3.m_loadfile@L68,reference_only,95_shared_scripts/handoff_delivery/document_registry.md:L15,N/A,N/A,N/A,reference_only,Not scientifically classified; no status is inferred from its directory or inventory disposition.
04_frustrated_fm_foundation/20260105_frustrated_fm/spin_wave_dynamics/vibY_plane_wave/sw_srcY_vibY_f440_B0p5T.mx3,direct_loader,mx3.m_loadfile@L68,reference_only,95_shared_scripts/handoff_delivery/document_registry.md:L15,N/A,N/A,N/A,reference_only,Not scientifically classified; no status is inferred from its directory or inventory disposition.
04_frustrated_fm_foundation/20260105_frustrated_fm/spin_wave_dynamics/vibY_plane_wave/sw_srcY_vibY_f440_B1T.mx3,direct_loader,mx3.m_loadfile@L68,reference_only,95_shared_scripts/handoff_delivery/document_registry.md:L15,N/A,N/A,N/A,reference_only,Not scientifically classified; no status is inferred from its directory or inventory disposition.
04_frustrated_fm_foundation/20260105_frustrated_fm/spin_wave_dynamics/vibY_plane_wave/sw_srcY_vibY_f440_B2T.mx3,direct_loader,mx3.m_loadfile@L68,reference_only,95_shared_scripts/handoff_delivery/document_registry.md:L15,N/A,N/A,N/A,reference_only,Not scientifically classified; no status is inferred from its directory or inventory disposition.
04_frustrated_fm_foundation/20260105_frustrated_fm/spin_wave_dynamics/vibY_plane_wave/sw_srcY_vibY_f700_B0p5T.mx3,direct_loader,mx3.m_loadfile@L68,reference_only,95_shared_scripts/handoff_delivery/document_registry.md:L15,N/A,N/A,N/A,reference_only,Not scientifically classified; no status is inferred from its directory or inventory disposition.
04_frustrated_fm_foundation/20260105_frustrated_fm/spin_wave_dynamics/vibY_plane_wave/sw_srcY_vibY_f700_B1T.mx3,direct_loader,mx3.m_loadfile@L68,reference_only,95_shared_scripts/handoff_delivery/document_registry.md:L15,N/A,N/A,N/A,reference_only,Not scientifically classified; no status is inferred from its directory or inventory disposition.
04_frustrated_fm_foundation/20260105_frustrated_fm/spin_wave_dynamics/vibY_plane_wave/sw_srcY_vibY_f700_B2T.mx3,direct_loader,mx3.m_loadfile@L68,reference_only,95_shared_scripts/handoff_delivery/document_registry.md:L15,N/A,N/A,N/A,reference_only,Not scientifically classified; no status is inferred from its directory or inventory disposition.
04_frustrated_fm_foundation/20260105_frustrated_fm/spin_wave_dynamics/vibY_plane_wave/sw_srcZ_vibY_f1100_B0p5T.mx3,direct_loader,mx3.m_loadfile@L68,reference_only,95_shared_scripts/handoff_delivery/document_registry.md:L15,N/A,N/A,N/A,reference_only,Not scientifically classified; no status is inferred from its directory or inventory disposition.
04_frustrated_fm_foundation/20260105_frustrated_fm/spin_wave_dynamics/vibY_plane_wave/sw_srcZ_vibY_f1100_B1T.mx3,direct_loader,mx3.m_loadfile@L68,reference_only,95_shared_scripts/handoff_delivery/document_registry.md:L15,N/A,N/A,N/A,reference_only,Not scientifically classified; no status is inferred from its directory or inventory disposition.
04_frustrated_fm_foundation/20260105_frustrated_fm/spin_wave_dynamics/vibY_plane_wave/sw_srcZ_vibY_f1100_B2T.mx3,direct_loader,mx3.m_loadfile@L68,reference_only,95_shared_scripts/handoff_delivery/document_registry.md:L15,N/A,N/A,N/A,reference_only,Not scientifically classified; no status is inferred from its directory or inventory disposition.
04_frustrated_fm_foundation/20260105_frustrated_fm/spin_wave_dynamics/vibY_plane_wave/sw_srcZ_vibY_f200_B0p5T.mx3,direct_loader,mx3.m_loadfile@L68,reference_only,95_shared_scripts/handoff_delivery/document_registry.md:L15,N/A,N/A,N/A,reference_only,Not scientifically classified; no status is inferred from its directory or inventory disposition.
04_frustrated_fm_foundation/20260105_frustrated_fm/spin_wave_dynamics/vibY_plane_wave/sw_srcZ_vibY_f200_B1T.mx3,direct_loader,mx3.m_loadfile@L68,reference_only,95_shared_scripts/handoff_delivery/document_registry.md:L15,N/A,N/A,N/A,reference_only,Not scientifically classified; no status is inferred from its directory or inventory disposition.
04_frustrated_fm_foundation/20260105_frustrated_fm/spin_wave_dynamics/vibY_plane_wave/sw_srcZ_vibY_f200_B2T.mx3,direct_loader,mx3.m_loadfile@L68,reference_only,95_shared_scripts/handoff_delivery/document_registry.md:L15,N/A,N/A,N/A,reference_only,Not scientifically classified; no status is inferred from its directory or inventory disposition.
04_frustrated_fm_foundation/20260105_frustrated_fm/spin_wave_dynamics/vibY_plane_wave/sw_srcZ_vibY_f440_B0p5T.mx3,direct_loader,mx3.m_loadfile@L68,reference_only,95_shared_scripts/handoff_delivery/document_registry.md:L15,N/A,N/A,N/A,reference_only,Not scientifically classified; no status is inferred from its directory or inventory disposition.
04_frustrated_fm_foundation/20260105_frustrated_fm/spin_wave_dynamics/vibY_plane_wave/sw_srcZ_vibY_f440_B1T.mx3,direct_loader,mx3.m_loadfile@L68,reference_only,95_shared_scripts/handoff_delivery/document_registry.md:L15,N/A,N/A,N/A,reference_only,Not scientifically classified; no status is inferred from its directory or inventory disposition.
04_frustrated_fm_foundation/20260105_frustrated_fm/spin_wave_dynamics/vibY_plane_wave/sw_srcZ_vibY_f440_B2T.mx3,direct_loader,mx3.m_loadfile@L68,reference_only,95_shared_scripts/handoff_delivery/document_registry.md:L15,N/A,N/A,N/A,reference_only,Not scientifically classified; no status is inferred from its directory or inventory disposition.
04_frustrated_fm_foundation/20260105_frustrated_fm/spin_wave_dynamics/vibY_plane_wave/sw_srcZ_vibY_f700_B0p5T.mx3,direct_loader,mx3.m_loadfile@L68,reference_only,95_shared_scripts/handoff_delivery/document_registry.md:L15,N/A,N/A,N/A,reference_only,Not scientifically classified; no status is inferred from its directory or inventory disposition.
04_frustrated_fm_foundation/20260105_frustrated_fm/spin_wave_dynamics/vibY_plane_wave/sw_srcZ_vibY_f700_B1T.mx3,direct_loader,mx3.m_loadfile@L68,reference_only,95_shared_scripts/handoff_delivery/document_registry.md:L15,N/A,N/A,N/A,reference_only,Not scientifically classified; no status is inferred from its directory or inventory disposition.
04_frustrated_fm_foundation/20260105_frustrated_fm/spin_wave_dynamics/vibY_plane_wave/sw_srcZ_vibY_f700_B2T.mx3,direct_loader,mx3.m_loadfile@L68,reference_only,95_shared_scripts/handoff_delivery/document_registry.md:L15,N/A,N/A,N/A,reference_only,Not scientifically classified; no status is inferred from its directory or inventory disposition.
04_frustrated_fm_foundation/20260105_frustrated_fm/spin_wave_dynamics/vibY_point_source/generate_all.py,generator,python.template_m_loadfile@L25,reference_only,95_shared_scripts/handoff_delivery/document_registry.md:L15,N/A,N/A,N/A,reference_only,Not scientifically classified; no status is inferred from its directory or inventory disposition.
04_frustrated_fm_foundation/20260105_frustrated_fm/spin_wave_dynamics/vibY_point_source/ps_srcX_vibY_f1100_B1000T.mx3,direct_loader,mx3.m_loadfile@L68,reference_only,95_shared_scripts/handoff_delivery/document_registry.md:L15,N/A,N/A,N/A,reference_only,Not scientifically classified; no status is inferred from its directory or inventory disposition.
04_frustrated_fm_foundation/20260105_frustrated_fm/spin_wave_dynamics/vibY_point_source/ps_srcX_vibY_f1100_B250T.mx3,direct_loader,mx3.m_loadfile@L68,reference_only,95_shared_scripts/handoff_delivery/document_registry.md:L15,N/A,N/A,N/A,reference_only,Not scientifically classified; no status is inferred from its directory or inventory disposition.
04_frustrated_fm_foundation/20260105_frustrated_fm/spin_wave_dynamics/vibY_point_source/ps_srcX_vibY_f1100_B500T.mx3,direct_loader,mx3.m_loadfile@L68,reference_only,95_shared_scripts/handoff_delivery/document_registry.md:L15,N/A,N/A,N/A,reference_only,Not scientifically classified; no status is inferred from its directory or inventory disposition.
04_frustrated_fm_foundation/20260105_frustrated_fm/spin_wave_dynamics/vibY_point_source/ps_srcX_vibY_f200_B1000T.mx3,direct_loader,mx3.m_loadfile@L68,reference_only,95_shared_scripts/handoff_delivery/document_registry.md:L15,N/A,N/A,N/A,reference_only,Not scientifically classified; no status is inferred from its directory or inventory disposition.
04_frustrated_fm_foundation/20260105_frustrated_fm/spin_wave_dynamics/vibY_point_source/ps_srcX_vibY_f200_B250T.mx3,direct_loader,mx3.m_loadfile@L68,reference_only,95_shared_scripts/handoff_delivery/document_registry.md:L15,N/A,N/A,N/A,reference_only,Not scientifically classified; no status is inferred from its directory or inventory disposition.
04_frustrated_fm_foundation/20260105_frustrated_fm/spin_wave_dynamics/vibY_point_source/ps_srcX_vibY_f200_B500T.mx3,direct_loader,mx3.m_loadfile@L68,reference_only,95_shared_scripts/handoff_delivery/document_registry.md:L15,N/A,N/A,N/A,reference_only,Not scientifically classified; no status is inferred from its directory or inventory disposition.
04_frustrated_fm_foundation/20260105_frustrated_fm/spin_wave_dynamics/vibY_point_source/ps_srcX_vibY_f440_B1000T.mx3,direct_loader,mx3.m_loadfile@L68,reference_only,95_shared_scripts/handoff_delivery/document_registry.md:L15,N/A,N/A,N/A,reference_only,Not scientifically classified; no status is inferred from its directory or inventory disposition.
04_frustrated_fm_foundation/20260105_frustrated_fm/spin_wave_dynamics/vibY_point_source/ps_srcX_vibY_f440_B250T.mx3,direct_loader,mx3.m_loadfile@L68,reference_only,95_shared_scripts/handoff_delivery/document_registry.md:L15,N/A,N/A,N/A,reference_only,Not scientifically classified; no status is inferred from its directory or inventory disposition.
04_frustrated_fm_foundation/20260105_frustrated_fm/spin_wave_dynamics/vibY_point_source/ps_srcX_vibY_f440_B500T.mx3,direct_loader,mx3.m_loadfile@L68,reference_only,95_shared_scripts/handoff_delivery/document_registry.md:L15,N/A,N/A,N/A,reference_only,Not scientifically classified; no status is inferred from its directory or inventory disposition.
04_frustrated_fm_foundation/20260105_frustrated_fm/spin_wave_dynamics/vibY_point_source/ps_srcX_vibY_f700_B1000T.mx3,direct_loader,mx3.m_loadfile@L68,reference_only,95_shared_scripts/handoff_delivery/document_registry.md:L15,N/A,N/A,N/A,reference_only,Not scientifically classified; no status is inferred from its directory or inventory disposition.
04_frustrated_fm_foundation/20260105_frustrated_fm/spin_wave_dynamics/vibY_point_source/ps_srcX_vibY_f700_B250T.mx3,direct_loader,mx3.m_loadfile@L68,reference_only,95_shared_scripts/handoff_delivery/document_registry.md:L15,N/A,N/A,N/A,reference_only,Not scientifically classified; no status is inferred from its directory or inventory disposition.
04_frustrated_fm_foundation/20260105_frustrated_fm/spin_wave_dynamics/vibY_point_source/ps_srcX_vibY_f700_B500T.mx3,direct_loader,mx3.m_loadfile@L68,reference_only,95_shared_scripts/handoff_delivery/document_registry.md:L15,N/A,N/A,N/A,reference_only,Not scientifically classified; no status is inferred from its directory or inventory disposition.
04_frustrated_fm_foundation/20260105_frustrated_fm/spin_wave_dynamics/vibY_point_source/ps_srcY_vibY_f1100_B1000T.mx3,direct_loader,mx3.m_loadfile@L68,reference_only,95_shared_scripts/handoff_delivery/document_registry.md:L15,N/A,N/A,N/A,reference_only,Not scientifically classified; no status is inferred from its directory or inventory disposition.
04_frustrated_fm_foundation/20260105_frustrated_fm/spin_wave_dynamics/vibY_point_source/ps_srcY_vibY_f1100_B250T.mx3,direct_loader,mx3.m_loadfile@L68,reference_only,95_shared_scripts/handoff_delivery/document_registry.md:L15,N/A,N/A,N/A,reference_only,Not scientifically classified; no status is inferred from its directory or inventory disposition.
04_frustrated_fm_foundation/20260105_frustrated_fm/spin_wave_dynamics/vibY_point_source/ps_srcY_vibY_f1100_B500T.mx3,direct_loader,mx3.m_loadfile@L68,reference_only,95_shared_scripts/handoff_delivery/document_registry.md:L15,N/A,N/A,N/A,reference_only,Not scientifically classified; no status is inferred from its directory or inventory disposition.
04_frustrated_fm_foundation/20260105_frustrated_fm/spin_wave_dynamics/vibY_point_source/ps_srcY_vibY_f200_B1000T.mx3,direct_loader,mx3.m_loadfile@L68,reference_only,95_shared_scripts/handoff_delivery/document_registry.md:L15,N/A,N/A,N/A,reference_only,Not scientifically classified; no status is inferred from its directory or inventory disposition.
04_frustrated_fm_foundation/20260105_frustrated_fm/spin_wave_dynamics/vibY_point_source/ps_srcY_vibY_f200_B250T.mx3,direct_loader,mx3.m_loadfile@L68,reference_only,95_shared_scripts/handoff_delivery/document_registry.md:L15,N/A,N/A,N/A,reference_only,Not scientifically classified; no status is inferred from its directory or inventory disposition.
04_frustrated_fm_foundation/20260105_frustrated_fm/spin_wave_dynamics/vibY_point_source/ps_srcY_vibY_f200_B500T.mx3,direct_loader,mx3.m_loadfile@L68,reference_only,95_shared_scripts/handoff_delivery/document_registry.md:L15,N/A,N/A,N/A,reference_only,Not scientifically classified; no status is inferred from its directory or inventory disposition.
04_frustrated_fm_foundation/20260105_frustrated_fm/spin_wave_dynamics/vibY_point_source/ps_srcY_vibY_f440_B1000T.mx3,direct_loader,mx3.m_loadfile@L68,reference_only,95_shared_scripts/handoff_delivery/document_registry.md:L15,N/A,N/A,N/A,reference_only,Not scientifically classified; no status is inferred from its directory or inventory disposition.
04_frustrated_fm_foundation/20260105_frustrated_fm/spin_wave_dynamics/vibY_point_source/ps_srcY_vibY_f440_B250T.mx3,direct_loader,mx3.m_loadfile@L68,reference_only,95_shared_scripts/handoff_delivery/document_registry.md:L15,N/A,N/A,N/A,reference_only,Not scientifically classified; no status is inferred from its directory or inventory disposition.
04_frustrated_fm_foundation/20260105_frustrated_fm/spin_wave_dynamics/vibY_point_source/ps_srcY_vibY_f440_B500T.mx3,direct_loader,mx3.m_loadfile@L68,reference_only,95_shared_scripts/handoff_delivery/document_registry.md:L15,N/A,N/A,N/A,reference_only,Not scientifically classified; no status is inferred from its directory or inventory disposition.
04_frustrated_fm_foundation/20260105_frustrated_fm/spin_wave_dynamics/vibY_point_source/ps_srcY_vibY_f700_B1000T.mx3,direct_loader,mx3.m_loadfile@L68,reference_only,95_shared_scripts/handoff_delivery/document_registry.md:L15,N/A,N/A,N/A,reference_only,Not scientifically classified; no status is inferred from its directory or inventory disposition.
04_frustrated_fm_foundation/20260105_frustrated_fm/spin_wave_dynamics/vibY_point_source/ps_srcY_vibY_f700_B250T.mx3,direct_loader,mx3.m_loadfile@L68,reference_only,95_shared_scripts/handoff_delivery/document_registry.md:L15,N/A,N/A,N/A,reference_only,Not scientifically classified; no status is inferred from its directory or inventory disposition.
04_frustrated_fm_foundation/20260105_frustrated_fm/spin_wave_dynamics/vibY_point_source/ps_srcY_vibY_f700_B500T.mx3,direct_loader,mx3.m_loadfile@L68,reference_only,95_shared_scripts/handoff_delivery/document_registry.md:L15,N/A,N/A,N/A,reference_only,Not scientifically classified; no status is inferred from its directory or inventory disposition.
04_frustrated_fm_foundation/20260105_frustrated_fm/spin_wave_dynamics/vibY_point_source/ps_srcZ_vibY_f1100_B1000T.mx3,direct_loader,mx3.m_loadfile@L68,reference_only,95_shared_scripts/handoff_delivery/document_registry.md:L15,N/A,N/A,N/A,reference_only,Not scientifically classified; no status is inferred from its directory or inventory disposition.
04_frustrated_fm_foundation/20260105_frustrated_fm/spin_wave_dynamics/vibY_point_source/ps_srcZ_vibY_f1100_B250T.mx3,direct_loader,mx3.m_loadfile@L68,reference_only,95_shared_scripts/handoff_delivery/document_registry.md:L15,N/A,N/A,N/A,reference_only,Not scientifically classified; no status is inferred from its directory or inventory disposition.
04_frustrated_fm_foundation/20260105_frustrated_fm/spin_wave_dynamics/vibY_point_source/ps_srcZ_vibY_f1100_B500T.mx3,direct_loader,mx3.m_loadfile@L68,reference_only,95_shared_scripts/handoff_delivery/document_registry.md:L15,N/A,N/A,N/A,reference_only,Not scientifically classified; no status is inferred from its directory or inventory disposition.
04_frustrated_fm_foundation/20260105_frustrated_fm/spin_wave_dynamics/vibY_point_source/ps_srcZ_vibY_f200_B1000T.mx3,direct_loader,mx3.m_loadfile@L68,reference_only,95_shared_scripts/handoff_delivery/document_registry.md:L15,N/A,N/A,N/A,reference_only,Not scientifically classified; no status is inferred from its directory or inventory disposition.
04_frustrated_fm_foundation/20260105_frustrated_fm/spin_wave_dynamics/vibY_point_source/ps_srcZ_vibY_f200_B250T.mx3,direct_loader,mx3.m_loadfile@L68,reference_only,95_shared_scripts/handoff_delivery/document_registry.md:L15,N/A,N/A,N/A,reference_only,Not scientifically classified; no status is inferred from its directory or inventory disposition.
04_frustrated_fm_foundation/20260105_frustrated_fm/spin_wave_dynamics/vibY_point_source/ps_srcZ_vibY_f200_B500T.mx3,direct_loader,mx3.m_loadfile@L68,reference_only,95_shared_scripts/handoff_delivery/document_registry.md:L15,N/A,N/A,N/A,reference_only,Not scientifically classified; no status is inferred from its directory or inventory disposition.
04_frustrated_fm_foundation/20260105_frustrated_fm/spin_wave_dynamics/vibY_point_source/ps_srcZ_vibY_f440_B1000T.mx3,direct_loader,mx3.m_loadfile@L68,reference_only,95_shared_scripts/handoff_delivery/document_registry.md:L15,N/A,N/A,N/A,reference_only,Not scientifically classified; no status is inferred from its directory or inventory disposition.
04_frustrated_fm_foundation/20260105_frustrated_fm/spin_wave_dynamics/vibY_point_source/ps_srcZ_vibY_f440_B250T.mx3,direct_loader,mx3.m_loadfile@L68,reference_only,95_shared_scripts/handoff_delivery/document_registry.md:L15,N/A,N/A,N/A,reference_only,Not scientifically classified; no status is inferred from its directory or inventory disposition.
04_frustrated_fm_foundation/20260105_frustrated_fm/spin_wave_dynamics/vibY_point_source/ps_srcZ_vibY_f440_B500T.mx3,direct_loader,mx3.m_loadfile@L68,reference_only,95_shared_scripts/handoff_delivery/document_registry.md:L15,N/A,N/A,N/A,reference_only,Not scientifically classified; no status is inferred from its directory or inventory disposition.
04_frustrated_fm_foundation/20260105_frustrated_fm/spin_wave_dynamics/vibY_point_source/ps_srcZ_vibY_f700_B1000T.mx3,direct_loader,mx3.m_loadfile@L68,reference_only,95_shared_scripts/handoff_delivery/document_registry.md:L15,N/A,N/A,N/A,reference_only,Not scientifically classified; no status is inferred from its directory or inventory disposition.
04_frustrated_fm_foundation/20260105_frustrated_fm/spin_wave_dynamics/vibY_point_source/ps_srcZ_vibY_f700_B250T.mx3,direct_loader,mx3.m_loadfile@L68,reference_only,95_shared_scripts/handoff_delivery/document_registry.md:L15,N/A,N/A,N/A,reference_only,Not scientifically classified; no status is inferred from its directory or inventory disposition.
04_frustrated_fm_foundation/20260105_frustrated_fm/spin_wave_dynamics/vibY_point_source/ps_srcZ_vibY_f700_B500T.mx3,direct_loader,mx3.m_loadfile@L68,reference_only,95_shared_scripts/handoff_delivery/document_registry.md:L15,N/A,N/A,N/A,reference_only,Not scientifically classified; no status is inferred from its directory or inventory disposition.
04_frustrated_fm_foundation/20260105_frustrated_fm/spin_wave_dynamics/vibY_point_source/run_all.ps1,shell_manager,shell.field_manager@L26,reference_only,95_shared_scripts/handoff_delivery/document_registry.md:L15,N/A,N/A,N/A,reference_only,Not scientifically classified; no status is inferred from its directory or inventory disposition.
06_eigenmode_frequency_mechanism/hopfion_eigenmode_ringdown_20260608/mx3/ringdown_sinc_Bx.mx3,direct_loader,mx3.m_loadfile@L62,reference_only,95_shared_scripts/handoff_delivery/document_registry.md:L15,N/A,N/A,N/A,reference_only,Not scientifically classified; no status is inferred from its directory or inventory disposition.
06_eigenmode_frequency_mechanism/hopfion_eigenmode_ringdown_20260608/mx3/ringdown_sinc_Bz.mx3,direct_loader,mx3.m_loadfile@L62,reference_only,95_shared_scripts/handoff_delivery/document_registry.md:L15,N/A,N/A,N/A,reference_only,Not scientifically classified; no status is inferred from its directory or inventory disposition.
06_eigenmode_frequency_mechanism/hopfion_mode_map_20260608/analysis/mode_map_analysis.py,known_ovf_reader,python.known_ovf_reader@L205,reference_only,95_shared_scripts/handoff_delivery/document_registry.md:L15,N/A,N/A,N/A,reference_only,"Referenced directly by six current-valid figure recipes, but unresolved for portable execution: it reads four complete-field roots that are excluded from the delivery, its ROOT mapping becomes invalid after delivery routing, and the original srcX-1000 GHz mx3 is missing. Task8 must recover all four field chains or register a separate non-full derived-data entry; one centered-Ku10k initial-state recipe does not close this consumer."
07_thiele_theory_model/results_thiele_GD_convergence_20260703/G_D_translation_convergence.json,unresolved_touch,structured.dynamic_field_reference@L27,archive,95_shared_scripts/handoff_delivery/document_registry.md:L15,N/A,N/A,N/A,archive,Not scientifically classified; no status is inferred from its directory or inventory disposition.
07_thiele_theory_model/results_thiele_GD_convergence_20260703/compute_GD_convergence.py,archive_member_reader,python.archive_member_chain@L55,active,07_thiele_theory_model/results_thiele_GD_convergence_20260703/G_D_translation_convergence_stdout.log:L75,run-thiele-gd-convergence,init-centered-ku10k,N/A,wrapper_plus_transform,Active static-texture convergence analyzer; this is not a new micromagnetic simulation or a Hall-angle result.
07_thiele_theory_model/results_thiele_GD_translation_20260615/G_D_translation.json,unresolved_touch,structured.dynamic_field_reference@L267,archive,95_shared_scripts/handoff_delivery/document_registry.md:L15,N/A,N/A,N/A,archive,Not scientifically classified; no status is inferred from its directory or inventory disposition.
08_lif_neuron_device_application/lif_neuron_hopfion/gradient_ku_verification/analysis/analyze_leaky_drift.py,known_ovf_reader,python.known_ovf_reader@L88,archive,95_shared_scripts/handoff_delivery/document_registry.md:L15,N/A,N/A,N/A,archive,Not scientifically classified; no status is inferred from its directory or inventory disposition.
08_lif_neuron_device_application/lif_neuron_hopfion/gradient_ku_verification/analysis/plot_v2_results.py,known_ovf_reader,python.known_ovf_reader@L54,archive,95_shared_scripts/handoff_delivery/document_registry.md:L15,N/A,N/A,N/A,archive,Not scientifically classified; no status is inferred from its directory or inventory disposition.
08_lif_neuron_device_application/lif_neuron_hopfion/gradient_ku_verification/drive_release_test/run_v2_test.sh,shell_manager,shell.field_manager@L10,archive,95_shared_scripts/handoff_delivery/document_registry.md:L15,N/A,N/A,N/A,archive,Not scientifically classified; no status is inferred from its directory or inventory disposition.
08_lif_neuron_device_application/lif_neuron_hopfion/gradient_ku_verification/drive_release_test/uniform_control/uniform_ku_drive_release.mx3,direct_loader,mx3.m_loadfile@L69,active,08_lif_neuron_device_application/lif_neuron_hopfion/gradient_ku_verification/analysis/v2_results_report.txt:L43,run-lif-uniform-drive-release,init-centered-ku10k,N/A,literal_transform,Active LIF Phase-1 gradient-versus-uniform leaf; the evidence is partial and does not claim a complete 2.3 ns cycle.
08_lif_neuron_device_application/lif_neuron_hopfion/gradient_ku_verification/drive_release_test/with_gradient/gradient_ku_drive_release.mx3,direct_loader,mx3.m_loadfile@L93,active,08_lif_neuron_device_application/lif_neuron_hopfion/gradient_ku_verification/analysis/v2_results_report.txt:L43,run-lif-gradient-drive-release,init-centered-ku10k,N/A,literal_transform,Active LIF Phase-1 gradient-versus-uniform leaf; the evidence is partial and does not claim a complete 2.3 ns cycle.
08_lif_neuron_device_application/lif_neuron_hopfion/lif_cycle_demo/analyze_lif_cycle.py,known_ovf_reader,python.known_ovf_reader@L92,archive,95_shared_scripts/handoff_delivery/document_registry.md:L15,N/A,N/A,N/A,archive,Not scientifically classified; no status is inferred from its directory or inventory disposition.
08_lif_neuron_device_application/lif_neuron_hopfion/lif_cycle_demo/pulse_train_integrate/lif_pulse_train.mx3,direct_loader,mx3.m_loadfile@L93,archive,95_shared_scripts/handoff_delivery/document_registry.md:L15,N/A,N/A,N/A,archive,Not scientifically classified; no status is inferred from its directory or inventory disposition.
08_lif_neuron_device_application/lif_neuron_hopfion/lif_cycle_demo/run_phase2.sh,shell_manager,shell.field_manager@L9,archive,95_shared_scripts/handoff_delivery/document_registry.md:L15,N/A,N/A,N/A,archive,Not scientifically classified; no status is inferred from its directory or inventory disposition.
08_lif_neuron_device_application/lif_neuron_hopfion/lif_cycle_demo/threshold_comparison/subthreshold_B0p1T.mx3,direct_loader,mx3.m_loadfile@L94,archive,95_shared_scripts/handoff_delivery/document_registry.md:L15,N/A,N/A,N/A,archive,Not scientifically classified; no status is inferred from its directory or inventory disposition.
09_paper_thesis_talks/bishe/thesis_v2/figures/_extract_drift10ns_centroids.py,known_ovf_reader,python.known_ovf_reader@L64,archive,95_shared_scripts/handoff_delivery/document_registry.md:L15,N/A,N/A,N/A,archive,Not scientifically classified; no status is inferred from its directory or inventory disposition.
09_paper_thesis_talks/bishe/thesis_v2/figures/make_fig3-1_hopfion_vis_combined.py,known_ovf_reader,python.known_ovf_reader@L63,archive,95_shared_scripts/handoff_delivery/document_registry.md:L15,N/A,N/A,N/A,archive,Not scientifically classified; no status is inferred from its directory or inventory disposition.
09_paper_thesis_talks/bishe/thesis_v2/figures/make_fig4-1_direction_selectivity.py,known_ovf_reader,python.known_ovf_reader@L74,archive,95_shared_scripts/handoff_delivery/document_registry.md:L15,N/A,N/A,N/A,archive,Not scientifically classified; no status is inferred from its directory or inventory disposition.
09_paper_thesis_talks/bishe/thesis_v2/figures/redraw_fig3-4_drift_trajectory_10ns.py,known_ovf_reader,python.known_ovf_reader@L67,archive,95_shared_scripts/handoff_delivery/document_registry.md:L15,N/A,N/A,N/A,archive,Not scientifically classified; no status is inferred from its directory or inventory disposition.
09_paper_thesis_talks/bishe/thesis_v2/figures/redraw_fig4-3_4-4_centered.py,known_ovf_reader,python.known_ovf_reader@L70,archive,95_shared_scripts/handoff_delivery/document_registry.md:L15,N/A,N/A,N/A,archive,Not scientifically classified; no status is inferred from its directory or inventory disposition.
09_paper_thesis_talks/bishe/thesis_v2/figures/redraw_fig4-4_anisotropy_time.py,known_ovf_reader,python.known_ovf_reader@L123,archive,95_shared_scripts/handoff_delivery/document_registry.md:L15,N/A,N/A,N/A,archive,Not scientifically classified; no status is inferred from its directory or inventory disposition.
09_paper_thesis_talks/bishe/thesis_v2/figures/redraw_fig4-6_size_convergence.py,known_ovf_reader,python.known_ovf_reader@L117,archive,95_shared_scripts/handoff_delivery/document_registry.md:L15,N/A,N/A,N/A,archive,Not scientifically classified; no status is inferred from its directory or inventory disposition.
95_shared_scripts/create_hopfion_AFM_v2.py,unresolved_touch,code.dynamic_field_reference@L17,reference_only,95_shared_scripts/handoff_delivery/document_registry.md:L15,N/A,N/A,N/A,reference_only,Not scientifically classified; no status is inferred from its directory or inventory disposition.
95_shared_scripts/draw_afm_new.py,known_ovf_reader,python.known_ovf_reader@L302,reference_only,95_shared_scripts/handoff_delivery/document_registry.md:L15,N/A,N/A,N/A,reference_only,Not scientifically classified; no status is inferred from its directory or inventory disposition.
95_shared_scripts/gen_qh4_hopfion.py,unresolved_touch,code.dynamic_field_reference@L9,reference_only,95_shared_scripts/handoff_delivery/document_registry.md:L15,N/A,N/A,N/A,reference_only,Not scientifically classified; no status is inferred from its directory or inventory disposition.
95_shared_scripts/gen_three_hopfions.py,unresolved_touch,code.dynamic_field_reference@L6,reference_only,95_shared_scripts/handoff_delivery/document_registry.md:L15,N/A,N/A,N/A,reference_only,Not scientifically classified; no status is inferred from its directory or inventory disposition.
95_shared_scripts/handoff_delivery/derived.py,known_ovf_reader,python.known_ovf_reader@L500,archive,95_shared_scripts/handoff_delivery/document_registry.md:L15,N/A,N/A,N/A,archive,Not scientifically classified; no status is inferred from its directory or inventory disposition.
95_shared_scripts/handoff_delivery/inventory.py,archive_member_reader,python.archive_member_chain@L197,reference_only,95_shared_scripts/handoff_delivery/document_registry.md:L15,N/A,N/A,N/A,reference_only,Not scientifically classified; no status is inferred from its directory or inventory disposition.
95_shared_scripts/handoff_delivery/portable.py,archive_member_reader,python.archive_member_chain@L886,archive,95_shared_scripts/handoff_delivery/document_registry.md:L15,N/A,N/A,N/A,archive,Not scientifically classified; no status is inferred from its directory or inventory disposition.
95_shared_scripts/handoff_delivery/source_specs.py,unresolved_touch,code.dynamic_field_reference@L731,archive,95_shared_scripts/handoff_delivery/document_registry.md:L15,N/A,N/A,N/A,archive,Not scientifically classified; no status is inferred from its directory or inventory disposition.
95_shared_scripts/hopfion_analysis.py,known_ovf_reader,python.known_ovf_reader@L210;python.known_ovf_reader@L373;python.known_ovf_reader@L380,archive,95_shared_scripts/handoff_delivery/document_registry.md:L15,N/A,N/A,N/A,archive,Not scientifically classified; no status is inferred from its directory or inventory disposition.
95_shared_scripts/param_sweep.py,generator;known_ovf_reader,python.known_ovf_reader@L130;python.known_ovf_reader@L131;python.template_m_loadfile@L206,archive,95_shared_scripts/handoff_delivery/document_registry.md:L15,N/A,N/A,N/A,archive,Not scientifically classified; no status is inferred from its directory or inventory disposition.
95_shared_scripts/post_sim_analysis.py,unresolved_touch,code.dynamic_field_reference@L97,reference_only,95_shared_scripts/handoff_delivery/document_registry.md:L15,N/A,N/A,N/A,reference_only,Not scientifically classified; no status is inferred from its directory or inventory disposition.
95_shared_scripts/resonance_analysis.py,generator,python.template_m_loadfile@L146;python.template_m_loadfile@L322,archive,95_shared_scripts/handoff_delivery/document_registry.md:L15,N/A,N/A,N/A,archive,Not scientifically classified; no status is inferred from its directory or inventory disposition.
95_shared_scripts/run_and_log.py,known_ovf_reader,python.known_ovf_reader@L93;python.known_ovf_reader@L94,archive,95_shared_scripts/handoff_delivery/document_registry.md:L15,N/A,N/A,N/A,archive,Not scientifically classified; no status is inferred from its directory or inventory disposition.
hopfion_eigenmode_mechanism_20260612/analysis/analyze_clean_validation.py,known_ovf_reader,python.known_ovf_reader@L62,reference_only,95_shared_scripts/handoff_delivery/document_registry.md:L15,N/A,N/A,N/A,reference_only,Not scientifically classified; no status is inferred from its directory or inventory disposition.
hopfion_eigenmode_mechanism_20260612/analysis/analyze_k_spectrum.py,known_ovf_reader,python.known_ovf_reader@L40,reference_only,95_shared_scripts/handoff_delivery/document_registry.md:L15,N/A,N/A,N/A,reference_only,Not scientifically classified; no status is inferred from its directory or inventory disposition.
hopfion_eigenmode_mechanism_20260612/analysis/analyze_stage1.py,known_ovf_reader,python.known_ovf_reader@L225,reference_only,95_shared_scripts/handoff_delivery/document_registry.md:L15,N/A,N/A,N/A,reference_only,Not scientifically classified; no status is inferred from its directory or inventory disposition.
hopfion_eigenmode_mechanism_20260612/analysis/analyze_stage2.py,known_ovf_reader,python.known_ovf_reader@L31,reference_only,95_shared_scripts/handoff_delivery/document_registry.md:L15,N/A,N/A,N/A,reference_only,Not scientifically classified; no status is inferred from its directory or inventory disposition.
hopfion_eigenmode_mechanism_20260612/analysis/generate_controls.py,unresolved_touch,code.dynamic_field_reference@L30,reference_only,95_shared_scripts/handoff_delivery/document_registry.md:L15,N/A,N/A,N/A,reference_only,Not scientifically classified; no status is inferred from its directory or inventory disposition.
hopfion_eigenmode_mechanism_20260612/mx3/circular_minus_2mT.mx3,direct_loader,mx3.m_loadfile@L62,reference_only,95_shared_scripts/handoff_delivery/document_registry.md:L15,N/A,N/A,N/A,reference_only,Not scientifically classified; no status is inferred from its directory or inventory disposition.
hopfion_eigenmode_mechanism_20260612/mx3/circular_plus_2mT.mx3,direct_loader,mx3.m_loadfile@L62,reference_only,95_shared_scripts/handoff_delivery/document_registry.md:L15,N/A,N/A,N/A,reference_only,Not scientifically classified; no status is inferred from its directory or inventory disposition.
hopfion_eigenmode_mechanism_20260612/mx3/clean_Bz_0mT_05ns.mx3,direct_loader,mx3.m_loadfile@L62,reference_only,95_shared_scripts/handoff_delivery/document_registry.md:L15,N/A,N/A,N/A,reference_only,Not scientifically classified; no status is inferred from its directory or inventory disposition.
hopfion_eigenmode_mechanism_20260612/mx3/clean_Bz_0mT_10ns.mx3,direct_loader,mx3.m_loadfile@L62,reference_only,95_shared_scripts/handoff_delivery/document_registry.md:L15,N/A,N/A,N/A,reference_only,Not scientifically classified; no status is inferred from its directory or inventory disposition.
hopfion_eigenmode_mechanism_20260612/mx3/clean_Bz_1mT_05ns.mx3,direct_loader,mx3.m_loadfile@L62,reference_only,95_shared_scripts/handoff_delivery/document_registry.md:L15,N/A,N/A,N/A,reference_only,Not scientifically classified; no status is inferred from its directory or inventory disposition.
hopfion_eigenmode_mechanism_20260612/mx3/clean_Bz_1mT_10ns.mx3,direct_loader,mx3.m_loadfile@L62,reference_only,95_shared_scripts/handoff_delivery/document_registry.md:L15,N/A,N/A,N/A,reference_only,Not scientifically classified; no status is inferred from its directory or inventory disposition.
hopfion_eigenmode_mechanism_20260612/mx3/clean_Bz_2mT_05ns.mx3,direct_loader,mx3.m_loadfile@L62,reference_only,95_shared_scripts/handoff_delivery/document_registry.md:L15,N/A,N/A,N/A,reference_only,Not scientifically classified; no status is inferred from its directory or inventory disposition.
hopfion_eigenmode_mechanism_20260612/mx3/clean_Bz_5mT_05ns.mx3,direct_loader,mx3.m_loadfile@L62,reference_only,95_shared_scripts/handoff_delivery/document_registry.md:L15,N/A,N/A,N/A,reference_only,Not scientifically classified; no status is inferred from its directory or inventory disposition.
hopfion_eigenmode_mechanism_20260612/mx3/clean_circular_minus_2mT.mx3,direct_loader,mx3.m_loadfile@L62,reference_only,95_shared_scripts/handoff_delivery/document_registry.md:L15,N/A,N/A,N/A,reference_only,Not scientifically classified; no status is inferred from its directory or inventory disposition.
hopfion_eigenmode_mechanism_20260612/mx3/clean_circular_plus_2mT.mx3,direct_loader,mx3.m_loadfile@L62,reference_only,95_shared_scripts/handoff_delivery/document_registry.md:L15,N/A,N/A,N/A,reference_only,Not scientifically classified; no status is inferred from its directory or inventory disposition.
hopfion_eigenmode_mechanism_20260612/mx3/clean_spatial_Bz_0mT.mx3,direct_loader,mx3.m_loadfile@L62,reference_only,95_shared_scripts/handoff_delivery/document_registry.md:L15,N/A,N/A,N/A,reference_only,Not scientifically classified; no status is inferred from its directory or inventory disposition.
hopfion_eigenmode_mechanism_20260612/mx3/clean_spatial_Bz_5mT.mx3,direct_loader,mx3.m_loadfile@L62,reference_only,95_shared_scripts/handoff_delivery/document_registry.md:L15,N/A,N/A,N/A,reference_only,Not scientifically classified; no status is inferred from its directory or inventory disposition.
hopfion_eigenmode_mechanism_20260612/mx3/control_quench_Bz_0mT_05ns.mx3,direct_loader,mx3.m_loadfile@L62,reference_only,95_shared_scripts/handoff_delivery/document_registry.md:L15,N/A,N/A,N/A,reference_only,Not scientifically classified; no status is inferred from its directory or inventory disposition.
hopfion_eigenmode_mechanism_20260612/mx3/equilibrate_open_boundary.mx3,direct_loader,mx3.m_loadfile@L59,reference_only,95_shared_scripts/handoff_delivery/document_registry.md:L15,N/A,N/A,N/A,reference_only,Not scientifically classified; no status is inferred from its directory or inventory disposition.
hopfion_eigenmode_mechanism_20260612/mx3/linear_Bz_1mT_05ns.mx3,direct_loader,mx3.m_loadfile@L62,reference_only,95_shared_scripts/handoff_delivery/document_registry.md:L15,N/A,N/A,N/A,reference_only,Not scientifically classified; no status is inferred from its directory or inventory disposition.
hopfion_eigenmode_mechanism_20260612/mx3/linear_Bz_2mT_05ns.mx3,direct_loader,mx3.m_loadfile@L62,reference_only,95_shared_scripts/handoff_delivery/document_registry.md:L15,N/A,N/A,N/A,reference_only,Not scientifically classified; no status is inferred from its directory or inventory disposition.
hopfion_eigenmode_mechanism_20260612/mx3/linewidth_Bz_1mT_10ns.mx3,direct_loader,mx3.m_loadfile@L62,reference_only,95_shared_scripts/handoff_delivery/document_registry.md:L15,N/A,N/A,N/A,reference_only,Not scientifically classified; no status is inferred from its directory or inventory disposition.
hopfion_eigenmode_mechanism_20260612/mx3/spatial_hopfion_Bz.mx3,direct_loader,mx3.m_loadfile@L62,reference_only,95_shared_scripts/handoff_delivery/document_registry.md:L15,N/A,N/A,N/A,reference_only,Not scientifically classified; no status is inferred from its directory or inventory disposition.
hopfion_eigenmode_mechanism_20260612/results/equilibrated_topology_check.json,unresolved_touch,structured.dynamic_field_reference@L6,reference_only,95_shared_scripts/handoff_delivery/document_registry.md:L15,N/A,N/A,N/A,reference_only,Not scientifically classified; no status is inferred from its directory or inventory disposition.
hopfion_eigenmode_mechanism_20260612/run_recovery_pipeline.sh,shell_manager,shell.field_manager@L5,archive,95_shared_scripts/handoff_delivery/document_registry.md:L15,N/A,N/A,N/A,archive,Not scientifically classified; no status is inferred from its directory or inventory disposition.
hopfion_eigenmode_mechanism_20260612/run_stage1.sh,shell_manager,shell.field_manager@L5,archive,95_shared_scripts/handoff_delivery/document_registry.md:L15,N/A,N/A,N/A,archive,Not scientifically classified; no status is inferred from its directory or inventory disposition.
hopfion_eigenmode_mechanism_20260612/run_stage2.sh,shell_manager,shell.field_manager@L5,archive,95_shared_scripts/handoff_delivery/document_registry.md:L15,N/A,N/A,N/A,archive,Not scientifically classified; no status is inferred from its directory or inventory disposition.
hopfion_eigenmode_mechanism_20260612/tests/test_eigenmode_mechanism.py,generator,python.template_m_loadfile@L159,archive,95_shared_scripts/handoff_delivery/document_registry.md:L15,N/A,N/A,N/A,archive,Not scientifically classified; no status is inferred from its directory or inventory disposition.
95_shared_scripts/handoff_delivery/plot_data.py,known_ovf_reader;archive_member_reader,python.known_ovf_reader@L32;python.archive_member_chain@L156,archive,95_shared_scripts/handoff_delivery/document_registry.md:L11,N/A,N/A,N/A,archive,Reference-only producer for bounded CSV figure data; complete source fields remain excluded.
